kind,etag,id,snippet.hl,snippet.name,param_part,param_hl,param_maxResults,param_pageToken,queryTime
youtube#i18nLanguageListResponse,"""Fznwjl6JEQdo1MGvHOGaz_YanRU/qgFy24yvs-L_dNjr2d-Rd_Xcfw4""",af,af,Afrikaans,snippet,en,,,2020-02-03 00:29:04.490053+00:00
youtube#i18nLanguageListResponse,"""Fznwjl6JEQdo1MGvHOGaz_YanRU/qgFy24yvs-L_dNjr2d-Rd_Xcfw4""",az,az,Azerbaijani,snippet,en,,,2020-02-03 00:29:04.490053+00:00
youtube#i18nLanguageListResponse,"""Fznwjl6JEQdo1MGvHOGaz_YanRU/qgFy24yvs-L_dNjr2d-Rd_Xcfw4""",id,id,Indonesian,snippet,en,,,2020-02-03 00:29:04.490053+00:00
youtube#i18nLanguageListResponse,"""Fznwjl6JEQdo1MGvHOGaz_YanRU/qgFy24yvs-L_dNjr2d-Rd_Xcfw4""",ms,ms,Malay,snippet,en,,,2020-02-03 00:29:04.490053+00:00
youtube#i18nLanguageListResponse,"""Fznwjl6JEQdo1MGvHOGaz_YanRU/qgFy24yvs-L_dNjr2d-Rd_Xcfw4""",bs,bs,Bosnian,snippet,en,,,2020-02-03 00:29:04.490053+00:00
youtube#i18nLanguageListResponse,"""Fznwjl6JEQdo1MGvHOGaz_YanRU/qgFy24yvs-L_dNjr2d-Rd_Xcfw4""",ca,ca,Catalan,snippet,en,,,2020-02-03 00:29:04.490053+00:00
youtube#i18nLanguageListResponse,"""Fznwjl6JEQdo1MGvHOGaz_YanRU/qgFy24yvs-L_dNjr2d-Rd_Xcfw4""",cs,cs,Czech,snippet,en,,,2020-02-03 00:29:04.490053+00:00
youtube#i18nLanguageListResponse,"""Fznwjl6JEQdo1MGvHOGaz_YanRU/qgFy24yvs-L_dNjr2d-Rd_Xcfw4""",da,da,Danish,snippet,en,,,2020-02-03 00:29:04.490053+00:00
youtube#i18nLanguageListResponse,"""Fznwjl6JEQdo1MGvHOGaz_YanRU/qgFy24yvs-L_dNjr2d-Rd_Xcfw4""",de,de,German,snippet,en,,,2020-02-03 00:29:04.490053+00:00
youtube#i18nLanguageListResponse,"""Fznwjl6JEQdo1MGvHOGaz_YanRU/qgFy24yvs-L_dNjr2d-Rd_Xcfw4""",et,et,Estonian,snippet,en,,,2020-02-03 00:29:04.490053+00:00
youtube#i18nLanguageListResponse,"""Fznwjl6JEQdo1MGvHOGaz_YanRU/qgFy24yvs-L_dNjr2d-Rd_Xcfw4""",en-GB,en-GB,English (United Kingdom),snippet,en,,,2020-02-03 00:29:04.490053+00:00
youtube#i18nLanguageListResponse,"""Fznwjl6JEQdo1MGvHOGaz_YanRU/qgFy24yvs-L_dNjr2d-Rd_Xcfw4""",en,en,English,snippet,en,,,2020-02-03 00:29:04.490053+00:00
youtube#i18nLanguageListResponse,"""Fznwjl6JEQdo1MGvHOGaz_YanRU/qgFy24yvs-L_dNjr2d-Rd_Xcfw4""",es,es,Spanish (Spain),snippet,en,,,2020-02-03 00:29:04.490053+00:00
youtube#i18nLanguageListResponse,"""Fznwjl6JEQdo1MGvHOGaz_YanRU/qgFy24yvs-L_dNjr2d-Rd_Xcfw4""",es-419,es-419,Spanish (Latin America),snippet,en,,,2020-02-03 00:29:04.490053+00:00
youtube#i18nLanguageListResponse,"""Fznwjl6JEQdo1MGvHOGaz_YanRU/qgFy24yvs-L_dNjr2d-Rd_Xcfw4""",es-US,es-US,Spanish (United States),snippet,en,,,2020-02-03 00:29:04.490053+00:00
youtube#i18nLanguageListResponse,"""Fznwjl6JEQdo1MGvHOGaz_YanRU/qgFy24yvs-L_dNjr2d-Rd_Xcfw4""",eu,eu,Basque,snippet,en,,,2020-02-03 00:29:04.490053+00:00
youtube#i18nLanguageListResponse,"""Fznwjl6JEQdo1MGvHOGaz_YanRU/qgFy24yvs-L_dNjr2d-Rd_Xcfw4""",fil,fil,Filipino,snippet,en,,,2020-02-03 00:29:04.490053+00:00
youtube#i18nLanguageListResponse,"""Fznwjl6JEQdo1MGvHOGaz_YanRU/qgFy24yvs-L_dNjr2d-Rd_Xcfw4""",fr,fr,French,snippet,en,,,2020-02-03 00:29:04.490053+00:00
youtube#i18nLanguageListResponse,"""Fznwjl6JEQdo1MGvHOGaz_YanRU/qgFy24yvs-L_dNjr2d-Rd_Xcfw4""",fr-CA,fr-CA,French (Canada),snippet,en,,,2020-02-03 00:29:04.490053+00:00
youtube#i18nLanguageListResponse,"""Fznwjl6JEQdo1MGvHOGaz_YanRU/qgFy24yvs-L_dNjr2d-Rd_Xcfw4""",gl,gl,Galician,snippet,en,,,2020-02-03 00:29:04.490053+00:00
youtube#i18nLanguageListResponse,"""Fznwjl6JEQdo1MGvHOGaz_YanRU/qgFy24yvs-L_dNjr2d-Rd_Xcfw4""",hr,hr,Croatian,snippet,en,,,2020-02-03 00:29:04.490053+00:00
youtube#i18nLanguageListResponse,"""Fznwjl6JEQdo1MGvHOGaz_YanRU/qgFy24yvs-L_dNjr2d-Rd_Xcfw4""",zu,zu,Zulu,snippet,en,,,2020-02-03 00:29:04.490053+00:00
youtube#i18nLanguageListResponse,"""Fznwjl6JEQdo1MGvHOGaz_YanRU/qgFy24yvs-L_dNjr2d-Rd_Xcfw4""",is,is,Icelandic,snippet,en,,,2020-02-03 00:29:04.490053+00:00
youtube#i18nLanguageListResponse,"""Fznwjl6JEQdo1MGvHOGaz_YanRU/qgFy24yvs-L_dNjr2d-Rd_Xcfw4""",it,it,Italian,snippet,en,,,2020-02-03 00:29:04.490053+00:00
youtube#i18nLanguageListResponse,"""Fznwjl6JEQdo1MGvHOGaz_YanRU/qgFy24yvs-L_dNjr2d-Rd_Xcfw4""",sw,sw,Swahili,snippet,en,,,2020-02-03 00:29:04.490053+00:00
youtube#i18nLanguageListResponse,"""Fznwjl6JEQdo1MGvHOGaz_YanRU/qgFy24yvs-L_dNjr2d-Rd_Xcfw4""",lv,lv,Latvian,snippet,en,,,2020-02-03 00:29:04.490053+00:00
youtube#i18nLanguageListResponse,"""Fznwjl6JEQdo1MGvHOGaz_YanRU/qgFy24yvs-L_dNjr2d-Rd_Xcfw4""",lt,lt,Lithuanian,snippet,en,,,2020-02-03 00:29:04.490053+00:00
youtube#i18nLanguageListResponse,"""Fznwjl6JEQdo1MGvHOGaz_YanRU/qgFy24yvs-L_dNjr2d-Rd_Xcfw4""",hu,hu,Hungarian,snippet,en,,,2020-02-03 00:29:04.490053+00:00
youtube#i18nLanguageListResponse,"""Fznwjl6JEQdo1MGvHOGaz_YanRU/qgFy24yvs-L_dNjr2d-Rd_Xcfw4""",nl,nl,Dutch,snippet,en,,,2020-02-03 00:29:04.490053+00:00
youtube#i18nLanguageListResponse,"""Fznwjl6JEQdo1MGvHOGaz_YanRU/qgFy24yvs-L_dNjr2d-Rd_Xcfw4""",no,no,Norwegian,snippet,en,,,2020-02-03 00:29:04.490053+00:00
youtube#i18nLanguageListResponse,"""Fznwjl6JEQdo1MGvHOGaz_YanRU/qgFy24yvs-L_dNjr2d-Rd_Xcfw4""",uz,uz,Uzbek,snippet,en,,,2020-02-03 00:29:04.490053+00:00
youtube#i18nLanguageListResponse,"""Fznwjl6JEQdo1MGvHOGaz_YanRU/qgFy24yvs-L_dNjr2d-Rd_Xcfw4""",pl,pl,Polish,snippet,en,,,2020-02-03 00:29:04.490053+00:00
youtube#i18nLanguageListResponse,"""Fznwjl6JEQdo1MGvHOGaz_YanRU/qgFy24yvs-L_dNjr2d-Rd_Xcfw4""",pt-PT,pt-PT,Portuguese (Portugal),snippet,en,,,2020-02-03 00:29:04.490053+00:00
youtube#i18nLanguageListResponse,"""Fznwjl6JEQdo1MGvHOGaz_YanRU/qgFy24yvs-L_dNjr2d-Rd_Xcfw4""",pt,pt,Portuguese (Brazil),snippet,en,,,2020-02-03 00:29:04.490053+00:00
youtube#i18nLanguageListResponse,"""Fznwjl6JEQdo1MGvHOGaz_YanRU/qgFy24yvs-L_dNjr2d-Rd_Xcfw4""",ro,ro,Romanian,snippet,en,,,2020-02-03 00:29:04.490053+00:00
youtube#i18nLanguageListResponse,"""Fznwjl6JEQdo1MGvHOGaz_YanRU/qgFy24yvs-L_dNjr2d-Rd_Xcfw4""",sq,sq,Albanian,snippet,en,,,2020-02-03 00:29:04.490053+00:00
youtube#i18nLanguageListResponse,"""Fznwjl6JEQdo1MGvHOGaz_YanRU/qgFy24yvs-L_dNjr2d-Rd_Xcfw4""",sk,sk,Slovak,snippet,en,,,2020-02-03 00:29:04.490053+00:00
youtube#i18nLanguageListResponse,"""Fznwjl6JEQdo1MGvHOGaz_YanRU/qgFy24yvs-L_dNjr2d-Rd_Xcfw4""",sl,sl,Slovenian,snippet,en,,,2020-02-03 00:29:04.490053+00:00
youtube#i18nLanguageListResponse,"""Fznwjl6JEQdo1MGvHOGaz_YanRU/qgFy24yvs-L_dNjr2d-Rd_Xcfw4""",sr-Latn,sr-Latn,Serbian (Latin),snippet,en,,,2020-02-03 00:29:04.490053+00:00
youtube#i18nLanguageListResponse,"""Fznwjl6JEQdo1MGvHOGaz_YanRU/qgFy24yvs-L_dNjr2d-Rd_Xcfw4""",fi,fi,Finnish,snippet,en,,,2020-02-03 00:29:04.490053+00:00
youtube#i18nLanguageListResponse,"""Fznwjl6JEQdo1MGvHOGaz_YanRU/qgFy24yvs-L_dNjr2d-Rd_Xcfw4""",sv,sv,Swedish,snippet,en,,,2020-02-03 00:29:04.490053+00:00
youtube#i18nLanguageListResponse,"""Fznwjl6JEQdo1MGvHOGaz_YanRU/qgFy24yvs-L_dNjr2d-Rd_Xcfw4""",vi,vi,Vietnamese,snippet,en,,,2020-02-03 00:29:04.490053+00:00
youtube#i18nLanguageListResponse,"""Fznwjl6JEQdo1MGvHOGaz_YanRU/qgFy24yvs-L_dNjr2d-Rd_Xcfw4""",tr,tr,Turkish,snippet,en,,,2020-02-03 00:29:04.490053+00:00
youtube#i18nLanguageListResponse,"""Fznwjl6JEQdo1MGvHOGaz_YanRU/qgFy24yvs-L_dNjr2d-Rd_Xcfw4""",be,be,Belarusian,snippet,en,,,2020-02-03 00:29:04.490053+00:00
youtube#i18nLanguageListResponse,"""Fznwjl6JEQdo1MGvHOGaz_YanRU/qgFy24yvs-L_dNjr2d-Rd_Xcfw4""",bg,bg,Bulgarian,snippet,en,,,2020-02-03 00:29:04.490053+00:00
youtube#i18nLanguageListResponse,"""Fznwjl6JEQdo1MGvHOGaz_YanRU/qgFy24yvs-L_dNjr2d-Rd_Xcfw4""",ky,ky,Kyrgyz,snippet,en,,,2020-02-03 00:29:04.490053+00:00
youtube#i18nLanguageListResponse,"""Fznwjl6JEQdo1MGvHOGaz_YanRU/qgFy24yvs-L_dNjr2d-Rd_Xcfw4""",kk,kk,Kazakh,snippet,en,,,2020-02-03 00:29:04.490053+00:00
youtube#i18nLanguageListResponse,"""Fznwjl6JEQdo1MGvHOGaz_YanRU/qgFy24yvs-L_dNjr2d-Rd_Xcfw4""",mk,mk,Macedonian,snippet,en,,,2020-02-03 00:29:04.490053+00:00
youtube#i18nLanguageListResponse,"""Fznwjl6JEQdo1MGvHOGaz_YanRU/qgFy24yvs-L_dNjr2d-Rd_Xcfw4""",mn,mn,Mongolian,snippet,en,,,2020-02-03 00:29:04.490053+00:00
youtube#i18nLanguageListResponse,"""Fznwjl6JEQdo1MGvHOGaz_YanRU/qgFy24yvs-L_dNjr2d-Rd_Xcfw4""",ru,ru,Russian,snippet,en,,,2020-02-03 00:29:04.490053+00:00
youtube#i18nLanguageListResponse,"""Fznwjl6JEQdo1MGvHOGaz_YanRU/qgFy24yvs-L_dNjr2d-Rd_Xcfw4""",sr,sr,Serbian,snippet,en,,,2020-02-03 00:29:04.490053+00:00
youtube#i18nLanguageListResponse,"""Fznwjl6JEQdo1MGvHOGaz_YanRU/qgFy24yvs-L_dNjr2d-Rd_Xcfw4""",uk,uk,Ukrainian,snippet,en,,,2020-02-03 00:29:04.490053+00:00
youtube#i18nLanguageListResponse,"""Fznwjl6JEQdo1MGvHOGaz_YanRU/qgFy24yvs-L_dNjr2d-Rd_Xcfw4""",el,el,Greek,snippet,en,,,2020-02-03 00:29:04.490053+00:00
youtube#i18nLanguageListResponse,"""Fznwjl6JEQdo1MGvHOGaz_YanRU/qgFy24yvs-L_dNjr2d-Rd_Xcfw4""",hy,hy,Armenian,snippet,en,,,2020-02-03 00:29:04.490053+00:00
youtube#i18nLanguageListResponse,"""Fznwjl6JEQdo1MGvHOGaz_YanRU/qgFy24yvs-L_dNjr2d-Rd_Xcfw4""",iw,iw,Hebrew,snippet,en,,,2020-02-03 00:29:04.490053+00:00
youtube#i18nLanguageListResponse,"""Fznwjl6JEQdo1MGvHOGaz_YanRU/qgFy24yvs-L_dNjr2d-Rd_Xcfw4""",ur,ur,Urdu,snippet,en,,,2020-02-03 00:29:04.490053+00:00
youtube#i18nLanguageListResponse,"""Fznwjl6JEQdo1MGvHOGaz_YanRU/qgFy24yvs-L_dNjr2d-Rd_Xcfw4""",ar,ar,Arabic,snippet,en,,,2020-02-03 00:29:04.490053+00:00
youtube#i18nLanguageListResponse,"""Fznwjl6JEQdo1MGvHOGaz_YanRU/qgFy24yvs-L_dNjr2d-Rd_Xcfw4""",fa,fa,Persian,snippet,en,,,2020-02-03 00:29:04.490053+00:00
youtube#i18nLanguageListResponse,"""Fznwjl6JEQdo1MGvHOGaz_YanRU/qgFy24yvs-L_dNjr2d-Rd_Xcfw4""",ne,ne,Nepali,snippet,en,,,2020-02-03 00:29:04.490053+00:00
youtube#i18nLanguageListResponse,"""Fznwjl6JEQdo1MGvHOGaz_YanRU/qgFy24yvs-L_dNjr2d-Rd_Xcfw4""",mr,mr,Marathi,snippet,en,,,2020-02-03 00:29:04.490053+00:00
youtube#i18nLanguageListResponse,"""Fznwjl6JEQdo1MGvHOGaz_YanRU/qgFy24yvs-L_dNjr2d-Rd_Xcfw4""",hi,hi,Hindi,snippet,en,,,2020-02-03 00:29:04.490053+00:00
youtube#i18nLanguageListResponse,"""Fznwjl6JEQdo1MGvHOGaz_YanRU/qgFy24yvs-L_dNjr2d-Rd_Xcfw4""",bn,bn,Bangla,snippet,en,,,2020-02-03 00:29:04.490053+00:00
youtube#i18nLanguageListResponse,"""Fznwjl6JEQdo1MGvHOGaz_YanRU/qgFy24yvs-L_dNjr2d-Rd_Xcfw4""",pa,pa,Punjabi,snippet,en,,,2020-02-03 00:29:04.490053+00:00
youtube#i18nLanguageListResponse,"""Fznwjl6JEQdo1MGvHOGaz_YanRU/qgFy24yvs-L_dNjr2d-Rd_Xcfw4""",gu,gu,Gujarati,snippet,en,,,2020-02-03 00:29:04.490053+00:00
youtube#i18nLanguageListResponse,"""Fznwjl6JEQdo1MGvHOGaz_YanRU/qgFy24yvs-L_dNjr2d-Rd_Xcfw4""",ta,ta,Tamil,snippet,en,,,2020-02-03 00:29:04.490053+00:00
youtube#i18nLanguageListResponse,"""Fznwjl6JEQdo1MGvHOGaz_YanRU/qgFy24yvs-L_dNjr2d-Rd_Xcfw4""",te,te,Telugu,snippet,en,,,2020-02-03 00:29:04.490053+00:00
youtube#i18nLanguageListResponse,"""Fznwjl6JEQdo1MGvHOGaz_YanRU/qgFy24yvs-L_dNjr2d-Rd_Xcfw4""",kn,kn,Kannada,snippet,en,,,2020-02-03 00:29:04.490053+00:00
youtube#i18nLanguageListResponse,"""Fznwjl6JEQdo1MGvHOGaz_YanRU/qgFy24yvs-L_dNjr2d-Rd_Xcfw4""",ml,ml,Malayalam,snippet,en,,,2020-02-03 00:29:04.490053+00:00
youtube#i18nLanguageListResponse,"""Fznwjl6JEQdo1MGvHOGaz_YanRU/qgFy24yvs-L_dNjr2d-Rd_Xcfw4""",si,si,Sinhala,snippet,en,,,2020-02-03 00:29:04.490053+00:00
youtube#i18nLanguageListResponse,"""Fznwjl6JEQdo1MGvHOGaz_YanRU/qgFy24yvs-L_dNjr2d-Rd_Xcfw4""",th,th,Thai,snippet,en,,,2020-02-03 00:29:04.490053+00:00
youtube#i18nLanguageListResponse,"""Fznwjl6JEQdo1MGvHOGaz_YanRU/qgFy24yvs-L_dNjr2d-Rd_Xcfw4""",lo,lo,Lao,snippet,en,,,2020-02-03 00:29:04.490053+00:00
youtube#i18nLanguageListResponse,"""Fznwjl6JEQdo1MGvHOGaz_YanRU/qgFy24yvs-L_dNjr2d-Rd_Xcfw4""",my,my,Myanmar (Burmese),snippet,en,,,2020-02-03 00:29:04.490053+00:00
youtube#i18nLanguageListResponse,"""Fznwjl6JEQdo1MGvHOGaz_YanRU/qgFy24yvs-L_dNjr2d-Rd_Xcfw4""",ka,ka,Georgian,snippet,en,,,2020-02-03 00:29:04.490053+00:00
youtube#i18nLanguageListResponse,"""Fznwjl6JEQdo1MGvHOGaz_YanRU/qgFy24yvs-L_dNjr2d-Rd_Xcfw4""",am,am,Amharic,snippet,en,,,2020-02-03 00:29:04.490053+00:00
youtube#i18nLanguageListResponse,"""Fznwjl6JEQdo1MGvHOGaz_YanRU/qgFy24yvs-L_dNjr2d-Rd_Xcfw4""",km,km,Khmer,snippet,en,,,2020-02-03 00:29:04.490053+00:00
youtube#i18nLanguageListResponse,"""Fznwjl6JEQdo1MGvHOGaz_YanRU/qgFy24yvs-L_dNjr2d-Rd_Xcfw4""",zh-CN,zh-CN,Chinese,snippet,en,,,2020-02-03 00:29:04.490053+00:00
youtube#i18nLanguageListResponse,"""Fznwjl6JEQdo1MGvHOGaz_YanRU/qgFy24yvs-L_dNjr2d-Rd_Xcfw4""",zh-TW,zh-TW,Chinese (Taiwan),snippet,en,,,2020-02-03 00:29:04.490053+00:00
youtube#i18nLanguageListResponse,"""Fznwjl6JEQdo1MGvHOGaz_YanRU/qgFy24yvs-L_dNjr2d-Rd_Xcfw4""",zh-HK,zh-HK,Chinese (Hong Kong),snippet,en,,,2020-02-03 00:29:04.490053+00:00
youtube#i18nLanguageListResponse,"""Fznwjl6JEQdo1MGvHOGaz_YanRU/qgFy24yvs-L_dNjr2d-Rd_Xcfw4""",ja,ja,Japanese,snippet,en,,,2020-02-03 00:29:04.490053+00:00
youtube#i18nLanguageListResponse,"""Fznwjl6JEQdo1MGvHOGaz_YanRU/qgFy24yvs-L_dNjr2d-Rd_Xcfw4""",ko,ko,Korean,snippet,en,,,2020-02-03 00:29:04.490053+00:00
youtube#i18nLanguageListResponse,"""Fznwjl6JEQdo1MGvHOGaz_YanRU/aumUU8I2DR2KCszO0vf0ja6nyZY""",af,af,Afrikaans,snippet,fr,,,2020-02-03 00:29:04.764239+00:00
youtube#i18nLanguageListResponse,"""Fznwjl6JEQdo1MGvHOGaz_YanRU/aumUU8I2DR2KCszO0vf0ja6nyZY""",az,az,Azéri,snippet,fr,,,2020-02-03 00:29:04.764239+00:00
youtube#i18nLanguageListResponse,"""Fznwjl6JEQdo1MGvHOGaz_YanRU/aumUU8I2DR2KCszO0vf0ja6nyZY""",id,id,Indonésien,snippet,fr,,,2020-02-03 00:29:04.764239+00:00
youtube#i18nLanguageListResponse,"""Fznwjl6JEQdo1MGvHOGaz_YanRU/aumUU8I2DR2KCszO0vf0ja6nyZY""",ms,ms,Malais,snippet,fr,,,2020-02-03 00:29:04.764239+00:00
youtube#i18nLanguageListResponse,"""Fznwjl6JEQdo1MGvHOGaz_YanRU/aumUU8I2DR2KCszO0vf0ja6nyZY""",bs,bs,Bosniaque,snippet,fr,,,2020-02-03 00:29:04.764239+00:00
youtube#i18nLanguageListResponse,"""Fznwjl6JEQdo1MGvHOGaz_YanRU/aumUU8I2DR2KCszO0vf0ja6nyZY""",ca,ca,Catalan,snippet,fr,,,2020-02-03 00:29:04.764239+00:00
youtube#i18nLanguageListResponse,"""Fznwjl6JEQdo1MGvHOGaz_YanRU/aumUU8I2DR2KCszO0vf0ja6nyZY""",cs,cs,Tchèque,snippet,fr,,,2020-02-03 00:29:04.764239+00:00
youtube#i18nLanguageListResponse,"""Fznwjl6JEQdo1MGvHOGaz_YanRU/aumUU8I2DR2KCszO0vf0ja6nyZY""",da,da,Danois,snippet,fr,,,2020-02-03 00:29:04.764239+00:00
youtube#i18nLanguageListResponse,"""Fznwjl6JEQdo1MGvHOGaz_YanRU/aumUU8I2DR2KCszO0vf0ja6nyZY""",de,de,Allemand,snippet,fr,,,2020-02-03 00:29:04.764239+00:00
youtube#i18nLanguageListResponse,"""Fznwjl6JEQdo1MGvHOGaz_YanRU/aumUU8I2DR2KCszO0vf0ja6nyZY""",et,et,Estonien,snippet,fr,,,2020-02-03 00:29:04.764239+00:00
youtube#i18nLanguageListResponse,"""Fznwjl6JEQdo1MGvHOGaz_YanRU/aumUU8I2DR2KCszO0vf0ja6nyZY""",en-GB,en-GB,Anglais (Royaume-Uni),snippet,fr,,,2020-02-03 00:29:04.764239+00:00
youtube#i18nLanguageListResponse,"""Fznwjl6JEQdo1MGvHOGaz_YanRU/aumUU8I2DR2KCszO0vf0ja6nyZY""",en,en,Anglais,snippet,fr,,,2020-02-03 00:29:04.764239+00:00
youtube#i18nLanguageListResponse,"""Fznwjl6JEQdo1MGvHOGaz_YanRU/aumUU8I2DR2KCszO0vf0ja6nyZY""",es,es,Espagnol (Espagne),snippet,fr,,,2020-02-03 00:29:04.764239+00:00
youtube#i18nLanguageListResponse,"""Fznwjl6JEQdo1MGvHOGaz_YanRU/aumUU8I2DR2KCszO0vf0ja6nyZY""",es-419,es-419,Espagnol (Amérique Latine),snippet,fr,,,2020-02-03 00:29:04.764239+00:00
youtube#i18nLanguageListResponse,"""Fznwjl6JEQdo1MGvHOGaz_YanRU/aumUU8I2DR2KCszO0vf0ja6nyZY""",es-US,es-US,Espagnol (États-Unis),snippet,fr,,,2020-02-03 00:29:04.764239+00:00
youtube#i18nLanguageListResponse,"""Fznwjl6JEQdo1MGvHOGaz_YanRU/aumUU8I2DR2KCszO0vf0ja6nyZY""",eu,eu,Basque,snippet,fr,,,2020-02-03 00:29:04.764239+00:00
youtube#i18nLanguageListResponse,"""Fznwjl6JEQdo1MGvHOGaz_YanRU/aumUU8I2DR2KCszO0vf0ja6nyZY""",fil,fil,Filipino,snippet,fr,,,2020-02-03 00:29:04.764239+00:00
youtube#i18nLanguageListResponse,"""Fznwjl6JEQdo1MGvHOGaz_YanRU/aumUU8I2DR2KCszO0vf0ja6nyZY""",fr,fr,Français,snippet,fr,,,2020-02-03 00:29:04.764239+00:00
youtube#i18nLanguageListResponse,"""Fznwjl6JEQdo1MGvHOGaz_YanRU/aumUU8I2DR2KCszO0vf0ja6nyZY""",fr-CA,fr-CA,Français (Canada),snippet,fr,,,2020-02-03 00:29:04.764239+00:00
youtube#i18nLanguageListResponse,"""Fznwjl6JEQdo1MGvHOGaz_YanRU/aumUU8I2DR2KCszO0vf0ja6nyZY""",gl,gl,Galicien,snippet,fr,,,2020-02-03 00:29:04.764239+00:00
youtube#i18nLanguageListResponse,"""Fznwjl6JEQdo1MGvHOGaz_YanRU/aumUU8I2DR2KCszO0vf0ja6nyZY""",hr,hr,Croate,snippet,fr,,,2020-02-03 00:29:04.764239+00:00
youtube#i18nLanguageListResponse,"""Fznwjl6JEQdo1MGvHOGaz_YanRU/aumUU8I2DR2KCszO0vf0ja6nyZY""",zu,zu,Zoulou,snippet,fr,,,2020-02-03 00:29:04.764239+00:00
youtube#i18nLanguageListResponse,"""Fznwjl6JEQdo1MGvHOGaz_YanRU/aumUU8I2DR2KCszO0vf0ja6nyZY""",is,is,Islandais,snippet,fr,,,2020-02-03 00:29:04.764239+00:00
youtube#i18nLanguageListResponse,"""Fznwjl6JEQdo1MGvHOGaz_YanRU/aumUU8I2DR2KCszO0vf0ja6nyZY""",it,it,Italien,snippet,fr,,,2020-02-03 00:29:04.764239+00:00
youtube#i18nLanguageListResponse,"""Fznwjl6JEQdo1MGvHOGaz_YanRU/aumUU8I2DR2KCszO0vf0ja6nyZY""",sw,sw,Swahili,snippet,fr,,,2020-02-03 00:29:04.764239+00:00
youtube#i18nLanguageListResponse,"""Fznwjl6JEQdo1MGvHOGaz_YanRU/aumUU8I2DR2KCszO0vf0ja6nyZY""",lv,lv,Letton,snippet,fr,,,2020-02-03 00:29:04.764239+00:00
youtube#i18nLanguageListResponse,"""Fznwjl6JEQdo1MGvHOGaz_YanRU/aumUU8I2DR2KCszO0vf0ja6nyZY""",lt,lt,Lituanien,snippet,fr,,,2020-02-03 00:29:04.764239+00:00
youtube#i18nLanguageListResponse,"""Fznwjl6JEQdo1MGvHOGaz_YanRU/aumUU8I2DR2KCszO0vf0ja6nyZY""",hu,hu,Hongrois,snippet,fr,,,2020-02-03 00:29:04.764239+00:00
youtube#i18nLanguageListResponse,"""Fznwjl6JEQdo1MGvHOGaz_YanRU/aumUU8I2DR2KCszO0vf0ja6nyZY""",nl,nl,Néerlandais,snippet,fr,,,2020-02-03 00:29:04.764239+00:00
youtube#i18nLanguageListResponse,"""Fznwjl6JEQdo1MGvHOGaz_YanRU/aumUU8I2DR2KCszO0vf0ja6nyZY""",no,no,Norvégien,snippet,fr,,,2020-02-03 00:29:04.764239+00:00
youtube#i18nLanguageListResponse,"""Fznwjl6JEQdo1MGvHOGaz_YanRU/aumUU8I2DR2KCszO0vf0ja6nyZY""",uz,uz,Ouzbek,snippet,fr,,,2020-02-03 00:29:04.764239+00:00
youtube#i18nLanguageListResponse,"""Fznwjl6JEQdo1MGvHOGaz_YanRU/aumUU8I2DR2KCszO0vf0ja6nyZY""",pl,pl,Polonais,snippet,fr,,,2020-02-03 00:29:04.764239+00:00
youtube#i18nLanguageListResponse,"""Fznwjl6JEQdo1MGvHOGaz_YanRU/aumUU8I2DR2KCszO0vf0ja6nyZY""",pt-PT,pt-PT,Portugais (Portugal),snippet,fr,,,2020-02-03 00:29:04.764239+00:00
youtube#i18nLanguageListResponse,"""Fznwjl6JEQdo1MGvHOGaz_YanRU/aumUU8I2DR2KCszO0vf0ja6nyZY""",pt,pt,Portugais (Brésil),snippet,fr,,,2020-02-03 00:29:04.764239+00:00
youtube#i18nLanguageListResponse,"""Fznwjl6JEQdo1MGvHOGaz_YanRU/aumUU8I2DR2KCszO0vf0ja6nyZY""",ro,ro,Roumain,snippet,fr,,,2020-02-03 00:29:04.764239+00:00
youtube#i18nLanguageListResponse,"""Fznwjl6JEQdo1MGvHOGaz_YanRU/aumUU8I2DR2KCszO0vf0ja6nyZY""",sq,sq,Albanais,snippet,fr,,,2020-02-03 00:29:04.764239+00:00
youtube#i18nLanguageListResponse,"""Fznwjl6JEQdo1MGvHOGaz_YanRU/aumUU8I2DR2KCszO0vf0ja6nyZY""",sk,sk,Slovaque,snippet,fr,,,2020-02-03 00:29:04.764239+00:00
youtube#i18nLanguageListResponse,"""Fznwjl6JEQdo1MGvHOGaz_YanRU/aumUU8I2DR2KCszO0vf0ja6nyZY""",sl,sl,Slovène,snippet,fr,,,2020-02-03 00:29:04.764239+00:00
youtube#i18nLanguageListResponse,"""Fznwjl6JEQdo1MGvHOGaz_YanRU/aumUU8I2DR2KCszO0vf0ja6nyZY""",sr-Latn,sr-Latn,Serbe (Latin),snippet,fr,,,2020-02-03 00:29:04.764239+00:00
youtube#i18nLanguageListResponse,"""Fznwjl6JEQdo1MGvHOGaz_YanRU/aumUU8I2DR2KCszO0vf0ja6nyZY""",fi,fi,Finnois,snippet,fr,,,2020-02-03 00:29:04.764239+00:00
youtube#i18nLanguageListResponse,"""Fznwjl6JEQdo1MGvHOGaz_YanRU/aumUU8I2DR2KCszO0vf0ja6nyZY""",sv,sv,Suédois,snippet,fr,,,2020-02-03 00:29:04.764239+00:00
youtube#i18nLanguageListResponse,"""Fznwjl6JEQdo1MGvHOGaz_YanRU/aumUU8I2DR2KCszO0vf0ja6nyZY""",vi,vi,Vietnamien,snippet,fr,,,2020-02-03 00:29:04.764239+00:00
youtube#i18nLanguageListResponse,"""Fznwjl6JEQdo1MGvHOGaz_YanRU/aumUU8I2DR2KCszO0vf0ja6nyZY""",tr,tr,Turc,snippet,fr,,,2020-02-03 00:29:04.764239+00:00
youtube#i18nLanguageListResponse,"""Fznwjl6JEQdo1MGvHOGaz_YanRU/aumUU8I2DR2KCszO0vf0ja6nyZY""",be,be,Biélorusse,snippet,fr,,,2020-02-03 00:29:04.764239+00:00
youtube#i18nLanguageListResponse,"""Fznwjl6JEQdo1MGvHOGaz_YanRU/aumUU8I2DR2KCszO0vf0ja6nyZY""",bg,bg,Bulgare,snippet,fr,,,2020-02-03 00:29:04.764239+00:00
youtube#i18nLanguageListResponse,"""Fznwjl6JEQdo1MGvHOGaz_YanRU/aumUU8I2DR2KCszO0vf0ja6nyZY""",ky,ky,Kirghize,snippet,fr,,,2020-02-03 00:29:04.764239+00:00
youtube#i18nLanguageListResponse,"""Fznwjl6JEQdo1MGvHOGaz_YanRU/aumUU8I2DR2KCszO0vf0ja6nyZY""",kk,kk,Kazakh,snippet,fr,,,2020-02-03 00:29:04.764239+00:00
youtube#i18nLanguageListResponse,"""Fznwjl6JEQdo1MGvHOGaz_YanRU/aumUU8I2DR2KCszO0vf0ja6nyZY""",mk,mk,Macédonien,snippet,fr,,,2020-02-03 00:29:04.764239+00:00
youtube#i18nLanguageListResponse,"""Fznwjl6JEQdo1MGvHOGaz_YanRU/aumUU8I2DR2KCszO0vf0ja6nyZY""",mn,mn,Mongol,snippet,fr,,,2020-02-03 00:29:04.764239+00:00
youtube#i18nLanguageListResponse,"""Fznwjl6JEQdo1MGvHOGaz_YanRU/aumUU8I2DR2KCszO0vf0ja6nyZY""",ru,ru,Russe,snippet,fr,,,2020-02-03 00:29:04.764239+00:00
youtube#i18nLanguageListResponse,"""Fznwjl6JEQdo1MGvHOGaz_YanRU/aumUU8I2DR2KCszO0vf0ja6nyZY""",sr,sr,Serbe,snippet,fr,,,2020-02-03 00:29:04.764239+00:00
youtube#i18nLanguageListResponse,"""Fznwjl6JEQdo1MGvHOGaz_YanRU/aumUU8I2DR2KCszO0vf0ja6nyZY""",uk,uk,Ukrainien,snippet,fr,,,2020-02-03 00:29:04.764239+00:00
youtube#i18nLanguageListResponse,"""Fznwjl6JEQdo1MGvHOGaz_YanRU/aumUU8I2DR2KCszO0vf0ja6nyZY""",el,el,Grec,snippet,fr,,,2020-02-03 00:29:04.764239+00:00
youtube#i18nLanguageListResponse,"""Fznwjl6JEQdo1MGvHOGaz_YanRU/aumUU8I2DR2KCszO0vf0ja6nyZY""",hy,hy,Arménien,snippet,fr,,,2020-02-03 00:29:04.764239+00:00
youtube#i18nLanguageListResponse,"""Fznwjl6JEQdo1MGvHOGaz_YanRU/aumUU8I2DR2KCszO0vf0ja6nyZY""",iw,iw,Hébreu,snippet,fr,,,2020-02-03 00:29:04.764239+00:00
youtube#i18nLanguageListResponse,"""Fznwjl6JEQdo1MGvHOGaz_YanRU/aumUU8I2DR2KCszO0vf0ja6nyZY""",ur,ur,Ourdou,snippet,fr,,,2020-02-03 00:29:04.764239+00:00
youtube#i18nLanguageListResponse,"""Fznwjl6JEQdo1MGvHOGaz_YanRU/aumUU8I2DR2KCszO0vf0ja6nyZY""",ar,ar,Arabe,snippet,fr,,,2020-02-03 00:29:04.764239+00:00
youtube#i18nLanguageListResponse,"""Fznwjl6JEQdo1MGvHOGaz_YanRU/aumUU8I2DR2KCszO0vf0ja6nyZY""",fa,fa,Persan,snippet,fr,,,2020-02-03 00:29:04.764239+00:00
youtube#i18nLanguageListResponse,"""Fznwjl6JEQdo1MGvHOGaz_YanRU/aumUU8I2DR2KCszO0vf0ja6nyZY""",ne,ne,Népalais,snippet,fr,,,2020-02-03 00:29:04.764239+00:00
youtube#i18nLanguageListResponse,"""Fznwjl6JEQdo1MGvHOGaz_YanRU/aumUU8I2DR2KCszO0vf0ja6nyZY""",mr,mr,Marathi,snippet,fr,,,2020-02-03 00:29:04.764239+00:00
youtube#i18nLanguageListResponse,"""Fznwjl6JEQdo1MGvHOGaz_YanRU/aumUU8I2DR2KCszO0vf0ja6nyZY""",hi,hi,Hindi,snippet,fr,,,2020-02-03 00:29:04.764239+00:00
youtube#i18nLanguageListResponse,"""Fznwjl6JEQdo1MGvHOGaz_YanRU/aumUU8I2DR2KCszO0vf0ja6nyZY""",bn,bn,Bengali,snippet,fr,,,2020-02-03 00:29:04.764239+00:00
youtube#i18nLanguageListResponse,"""Fznwjl6JEQdo1MGvHOGaz_YanRU/aumUU8I2DR2KCszO0vf0ja6nyZY""",pa,pa,Pendjabi,snippet,fr,,,2020-02-03 00:29:04.764239+00:00
youtube#i18nLanguageListResponse,"""Fznwjl6JEQdo1MGvHOGaz_YanRU/aumUU8I2DR2KCszO0vf0ja6nyZY""",gu,gu,Goudjerati,snippet,fr,,,2020-02-03 00:29:04.764239+00:00
youtube#i18nLanguageListResponse,"""Fznwjl6JEQdo1MGvHOGaz_YanRU/aumUU8I2DR2KCszO0vf0ja6nyZY""",ta,ta,Tamoul,snippet,fr,,,2020-02-03 00:29:04.764239+00:00
youtube#i18nLanguageListResponse,"""Fznwjl6JEQdo1MGvHOGaz_YanRU/aumUU8I2DR2KCszO0vf0ja6nyZY""",te,te,Télougou,snippet,fr,,,2020-02-03 00:29:04.764239+00:00
youtube#i18nLanguageListResponse,"""Fznwjl6JEQdo1MGvHOGaz_YanRU/aumUU8I2DR2KCszO0vf0ja6nyZY""",kn,kn,Kannada,snippet,fr,,,2020-02-03 00:29:04.764239+00:00
youtube#i18nLanguageListResponse,"""Fznwjl6JEQdo1MGvHOGaz_YanRU/aumUU8I2DR2KCszO0vf0ja6nyZY""",ml,ml,Malayalam,snippet,fr,,,2020-02-03 00:29:04.764239+00:00
youtube#i18nLanguageListResponse,"""Fznwjl6JEQdo1MGvHOGaz_YanRU/aumUU8I2DR2KCszO0vf0ja6nyZY""",si,si,Cingalais,snippet,fr,,,2020-02-03 00:29:04.764239+00:00
youtube#i18nLanguageListResponse,"""Fznwjl6JEQdo1MGvHOGaz_YanRU/aumUU8I2DR2KCszO0vf0ja6nyZY""",th,th,Thaï,snippet,fr,,,2020-02-03 00:29:04.764239+00:00
youtube#i18nLanguageListResponse,"""Fznwjl6JEQdo1MGvHOGaz_YanRU/aumUU8I2DR2KCszO0vf0ja6nyZY""",lo,lo,Lao,snippet,fr,,,2020-02-03 00:29:04.764239+00:00
youtube#i18nLanguageListResponse,"""Fznwjl6JEQdo1MGvHOGaz_YanRU/aumUU8I2DR2KCszO0vf0ja6nyZY""",my,my,Birman,snippet,fr,,,2020-02-03 00:29:04.764239+00:00
youtube#i18nLanguageListResponse,"""Fznwjl6JEQdo1MGvHOGaz_YanRU/aumUU8I2DR2KCszO0vf0ja6nyZY""",ka,ka,Géorgien,snippet,fr,,,2020-02-03 00:29:04.764239+00:00
youtube#i18nLanguageListResponse,"""Fznwjl6JEQdo1MGvHOGaz_YanRU/aumUU8I2DR2KCszO0vf0ja6nyZY""",am,am,Amharique,snippet,fr,,,2020-02-03 00:29:04.764239+00:00
youtube#i18nLanguageListResponse,"""Fznwjl6JEQdo1MGvHOGaz_YanRU/aumUU8I2DR2KCszO0vf0ja6nyZY""",km,km,Khmer,snippet,fr,,,2020-02-03 00:29:04.764239+00:00
youtube#i18nLanguageListResponse,"""Fznwjl6JEQdo1MGvHOGaz_YanRU/aumUU8I2DR2KCszO0vf0ja6nyZY""",zh-CN,zh-CN,Chinois,snippet,fr,,,2020-02-03 00:29:04.764239+00:00
youtube#i18nLanguageListResponse,"""Fznwjl6JEQdo1MGvHOGaz_YanRU/aumUU8I2DR2KCszO0vf0ja6nyZY""",zh-TW,zh-TW,Chinois (Taïwan),snippet,fr,,,2020-02-03 00:29:04.764239+00:00
youtube#i18nLanguageListResponse,"""Fznwjl6JEQdo1MGvHOGaz_YanRU/aumUU8I2DR2KCszO0vf0ja6nyZY""",zh-HK,zh-HK,Chinois (Hong Kong),snippet,fr,,,2020-02-03 00:29:04.764239+00:00
youtube#i18nLanguageListResponse,"""Fznwjl6JEQdo1MGvHOGaz_YanRU/aumUU8I2DR2KCszO0vf0ja6nyZY""",ja,ja,Japonais,snippet,fr,,,2020-02-03 00:29:04.764239+00:00
youtube#i18nLanguageListResponse,"""Fznwjl6JEQdo1MGvHOGaz_YanRU/aumUU8I2DR2KCszO0vf0ja6nyZY""",ko,ko,Coréen,snippet,fr,,,2020-02-03 00:29:04.764239+00:00
youtube#i18nLanguageListResponse,"""Fznwjl6JEQdo1MGvHOGaz_YanRU/zuWa2crrywf-KD6jKMOl_0q9AeQ""",af,af,Afrikaans,snippet,de,,,2020-02-03 00:29:05.027596+00:00
youtube#i18nLanguageListResponse,"""Fznwjl6JEQdo1MGvHOGaz_YanRU/zuWa2crrywf-KD6jKMOl_0q9AeQ""",az,az,Aserbaidschanisch,snippet,de,,,2020-02-03 00:29:05.027596+00:00
youtube#i18nLanguageListResponse,"""Fznwjl6JEQdo1MGvHOGaz_YanRU/zuWa2crrywf-KD6jKMOl_0q9AeQ""",id,id,Indonesisch,snippet,de,,,2020-02-03 00:29:05.027596+00:00
youtube#i18nLanguageListResponse,"""Fznwjl6JEQdo1MGvHOGaz_YanRU/zuWa2crrywf-KD6jKMOl_0q9AeQ""",ms,ms,Malaiisch,snippet,de,,,2020-02-03 00:29:05.027596+00:00
youtube#i18nLanguageListResponse,"""Fznwjl6JEQdo1MGvHOGaz_YanRU/zuWa2crrywf-KD6jKMOl_0q9AeQ""",bs,bs,Bosnisch,snippet,de,,,2020-02-03 00:29:05.027596+00:00
youtube#i18nLanguageListResponse,"""Fznwjl6JEQdo1MGvHOGaz_YanRU/zuWa2crrywf-KD6jKMOl_0q9AeQ""",ca,ca,Katalanisch,snippet,de,,,2020-02-03 00:29:05.027596+00:00
youtube#i18nLanguageListResponse,"""Fznwjl6JEQdo1MGvHOGaz_YanRU/zuWa2crrywf-KD6jKMOl_0q9AeQ""",cs,cs,Tschechisch,snippet,de,,,2020-02-03 00:29:05.027596+00:00
youtube#i18nLanguageListResponse,"""Fznwjl6JEQdo1MGvHOGaz_YanRU/zuWa2crrywf-KD6jKMOl_0q9AeQ""",da,da,Dänisch,snippet,de,,,2020-02-03 00:29:05.027596+00:00
youtube#i18nLanguageListResponse,"""Fznwjl6JEQdo1MGvHOGaz_YanRU/zuWa2crrywf-KD6jKMOl_0q9AeQ""",de,de,Deutsch,snippet,de,,,2020-02-03 00:29:05.027596+00:00
youtube#i18nLanguageListResponse,"""Fznwjl6JEQdo1MGvHOGaz_YanRU/zuWa2crrywf-KD6jKMOl_0q9AeQ""",et,et,Estnisch,snippet,de,,,2020-02-03 00:29:05.027596+00:00
youtube#i18nLanguageListResponse,"""Fznwjl6JEQdo1MGvHOGaz_YanRU/zuWa2crrywf-KD6jKMOl_0q9AeQ""",en-GB,en-GB,Englisch (Vereinigtes Königreich),snippet,de,,,2020-02-03 00:29:05.027596+00:00
youtube#i18nLanguageListResponse,"""Fznwjl6JEQdo1MGvHOGaz_YanRU/zuWa2crrywf-KD6jKMOl_0q9AeQ""",en,en,Englisch,snippet,de,,,2020-02-03 00:29:05.027596+00:00
youtube#i18nLanguageListResponse,"""Fznwjl6JEQdo1MGvHOGaz_YanRU/zuWa2crrywf-KD6jKMOl_0q9AeQ""",es,es,Spanisch (Spanien),snippet,de,,,2020-02-03 00:29:05.027596+00:00
youtube#i18nLanguageListResponse,"""Fznwjl6JEQdo1MGvHOGaz_YanRU/zuWa2crrywf-KD6jKMOl_0q9AeQ""",es-419,es-419,Spanisch (Lateinamerika),snippet,de,,,2020-02-03 00:29:05.027596+00:00
youtube#i18nLanguageListResponse,"""Fznwjl6JEQdo1MGvHOGaz_YanRU/zuWa2crrywf-KD6jKMOl_0q9AeQ""",es-US,es-US,Spanisch (Vereinigte Staaten),snippet,de,,,2020-02-03 00:29:05.027596+00:00
youtube#i18nLanguageListResponse,"""Fznwjl6JEQdo1MGvHOGaz_YanRU/zuWa2crrywf-KD6jKMOl_0q9AeQ""",eu,eu,Baskisch,snippet,de,,,2020-02-03 00:29:05.027596+00:00
youtube#i18nLanguageListResponse,"""Fznwjl6JEQdo1MGvHOGaz_YanRU/zuWa2crrywf-KD6jKMOl_0q9AeQ""",fil,fil,Filipino,snippet,de,,,2020-02-03 00:29:05.027596+00:00
youtube#i18nLanguageListResponse,"""Fznwjl6JEQdo1MGvHOGaz_YanRU/zuWa2crrywf-KD6jKMOl_0q9AeQ""",fr,fr,Französisch,snippet,de,,,2020-02-03 00:29:05.027596+00:00
youtube#i18nLanguageListResponse,"""Fznwjl6JEQdo1MGvHOGaz_YanRU/zuWa2crrywf-KD6jKMOl_0q9AeQ""",fr-CA,fr-CA,Französisch (Kanada),snippet,de,,,2020-02-03 00:29:05.027596+00:00
youtube#i18nLanguageListResponse,"""Fznwjl6JEQdo1MGvHOGaz_YanRU/zuWa2crrywf-KD6jKMOl_0q9AeQ""",gl,gl,Galicisch,snippet,de,,,2020-02-03 00:29:05.027596+00:00
youtube#i18nLanguageListResponse,"""Fznwjl6JEQdo1MGvHOGaz_YanRU/zuWa2crrywf-KD6jKMOl_0q9AeQ""",hr,hr,Kroatisch,snippet,de,,,2020-02-03 00:29:05.027596+00:00
youtube#i18nLanguageListResponse,"""Fznwjl6JEQdo1MGvHOGaz_YanRU/zuWa2crrywf-KD6jKMOl_0q9AeQ""",zu,zu,Zulu,snippet,de,,,2020-02-03 00:29:05.027596+00:00
youtube#i18nLanguageListResponse,"""Fznwjl6JEQdo1MGvHOGaz_YanRU/zuWa2crrywf-KD6jKMOl_0q9AeQ""",is,is,Isländisch,snippet,de,,,2020-02-03 00:29:05.027596+00:00
youtube#i18nLanguageListResponse,"""Fznwjl6JEQdo1MGvHOGaz_YanRU/zuWa2crrywf-KD6jKMOl_0q9AeQ""",it,it,Italienisch,snippet,de,,,2020-02-03 00:29:05.027596+00:00
youtube#i18nLanguageListResponse,"""Fznwjl6JEQdo1MGvHOGaz_YanRU/zuWa2crrywf-KD6jKMOl_0q9AeQ""",sw,sw,Suaheli,snippet,de,,,2020-02-03 00:29:05.027596+00:00
youtube#i18nLanguageListResponse,"""Fznwjl6JEQdo1MGvHOGaz_YanRU/zuWa2crrywf-KD6jKMOl_0q9AeQ""",lv,lv,Lettisch,snippet,de,,,2020-02-03 00:29:05.027596+00:00
youtube#i18nLanguageListResponse,"""Fznwjl6JEQdo1MGvHOGaz_YanRU/zuWa2crrywf-KD6jKMOl_0q9AeQ""",lt,lt,Litauisch,snippet,de,,,2020-02-03 00:29:05.027596+00:00
youtube#i18nLanguageListResponse,"""Fznwjl6JEQdo1MGvHOGaz_YanRU/zuWa2crrywf-KD6jKMOl_0q9AeQ""",hu,hu,Ungarisch,snippet,de,,,2020-02-03 00:29:05.027596+00:00
youtube#i18nLanguageListResponse,"""Fznwjl6JEQdo1MGvHOGaz_YanRU/zuWa2crrywf-KD6jKMOl_0q9AeQ""",nl,nl,Niederländisch,snippet,de,,,2020-02-03 00:29:05.027596+00:00
youtube#i18nLanguageListResponse,"""Fznwjl6JEQdo1MGvHOGaz_YanRU/zuWa2crrywf-KD6jKMOl_0q9AeQ""",no,no,Norwegisch,snippet,de,,,2020-02-03 00:29:05.027596+00:00
youtube#i18nLanguageListResponse,"""Fznwjl6JEQdo1MGvHOGaz_YanRU/zuWa2crrywf-KD6jKMOl_0q9AeQ""",uz,uz,Usbekisch,snippet,de,,,2020-02-03 00:29:05.027596+00:00
youtube#i18nLanguageListResponse,"""Fznwjl6JEQdo1MGvHOGaz_YanRU/zuWa2crrywf-KD6jKMOl_0q9AeQ""",pl,pl,Polnisch,snippet,de,,,2020-02-03 00:29:05.027596+00:00
youtube#i18nLanguageListResponse,"""Fznwjl6JEQdo1MGvHOGaz_YanRU/zuWa2crrywf-KD6jKMOl_0q9AeQ""",pt-PT,pt-PT,Portugiesisch (Portugal),snippet,de,,,2020-02-03 00:29:05.027596+00:00
youtube#i18nLanguageListResponse,"""Fznwjl6JEQdo1MGvHOGaz_YanRU/zuWa2crrywf-KD6jKMOl_0q9AeQ""",pt,pt,Portugiesisch (Brasilien),snippet,de,,,2020-02-03 00:29:05.027596+00:00
youtube#i18nLanguageListResponse,"""Fznwjl6JEQdo1MGvHOGaz_YanRU/zuWa2crrywf-KD6jKMOl_0q9AeQ""",ro,ro,Rumänisch,snippet,de,,,2020-02-03 00:29:05.027596+00:00
youtube#i18nLanguageListResponse,"""Fznwjl6JEQdo1MGvHOGaz_YanRU/zuWa2crrywf-KD6jKMOl_0q9AeQ""",sq,sq,Albanisch,snippet,de,,,2020-02-03 00:29:05.027596+00:00
youtube#i18nLanguageListResponse,"""Fznwjl6JEQdo1MGvHOGaz_YanRU/zuWa2crrywf-KD6jKMOl_0q9AeQ""",sk,sk,Slowakisch,snippet,de,,,2020-02-03 00:29:05.027596+00:00
youtube#i18nLanguageListResponse,"""Fznwjl6JEQdo1MGvHOGaz_YanRU/zuWa2crrywf-KD6jKMOl_0q9AeQ""",sl,sl,Slowenisch,snippet,de,,,2020-02-03 00:29:05.027596+00:00
youtube#i18nLanguageListResponse,"""Fznwjl6JEQdo1MGvHOGaz_YanRU/zuWa2crrywf-KD6jKMOl_0q9AeQ""",sr-Latn,sr-Latn,Serbisch (Lateinisch),snippet,de,,,2020-02-03 00:29:05.027596+00:00
youtube#i18nLanguageListResponse,"""Fznwjl6JEQdo1MGvHOGaz_YanRU/zuWa2crrywf-KD6jKMOl_0q9AeQ""",fi,fi,Finnisch,snippet,de,,,2020-02-03 00:29:05.027596+00:00
youtube#i18nLanguageListResponse,"""Fznwjl6JEQdo1MGvHOGaz_YanRU/zuWa2crrywf-KD6jKMOl_0q9AeQ""",sv,sv,Schwedisch,snippet,de,,,2020-02-03 00:29:05.027596+00:00
youtube#i18nLanguageListResponse,"""Fznwjl6JEQdo1MGvHOGaz_YanRU/zuWa2crrywf-KD6jKMOl_0q9AeQ""",vi,vi,Vietnamesisch,snippet,de,,,2020-02-03 00:29:05.027596+00:00
youtube#i18nLanguageListResponse,"""Fznwjl6JEQdo1MGvHOGaz_YanRU/zuWa2crrywf-KD6jKMOl_0q9AeQ""",tr,tr,Türkisch,snippet,de,,,2020-02-03 00:29:05.027596+00:00
youtube#i18nLanguageListResponse,"""Fznwjl6JEQdo1MGvHOGaz_YanRU/zuWa2crrywf-KD6jKMOl_0q9AeQ""",be,be,Weißrussisch,snippet,de,,,2020-02-03 00:29:05.027596+00:00
youtube#i18nLanguageListResponse,"""Fznwjl6JEQdo1MGvHOGaz_YanRU/zuWa2crrywf-KD6jKMOl_0q9AeQ""",bg,bg,Bulgarisch,snippet,de,,,2020-02-03 00:29:05.027596+00:00
youtube#i18nLanguageListResponse,"""Fznwjl6JEQdo1MGvHOGaz_YanRU/zuWa2crrywf-KD6jKMOl_0q9AeQ""",ky,ky,Kirgisisch,snippet,de,,,2020-02-03 00:29:05.027596+00:00
youtube#i18nLanguageListResponse,"""Fznwjl6JEQdo1MGvHOGaz_YanRU/zuWa2crrywf-KD6jKMOl_0q9AeQ""",kk,kk,Kasachisch,snippet,de,,,2020-02-03 00:29:05.027596+00:00
youtube#i18nLanguageListResponse,"""Fznwjl6JEQdo1MGvHOGaz_YanRU/zuWa2crrywf-KD6jKMOl_0q9AeQ""",mk,mk,Mazedonisch,snippet,de,,,2020-02-03 00:29:05.027596+00:00
youtube#i18nLanguageListResponse,"""Fznwjl6JEQdo1MGvHOGaz_YanRU/zuWa2crrywf-KD6jKMOl_0q9AeQ""",mn,mn,Mongolisch,snippet,de,,,2020-02-03 00:29:05.027596+00:00
youtube#i18nLanguageListResponse,"""Fznwjl6JEQdo1MGvHOGaz_YanRU/zuWa2crrywf-KD6jKMOl_0q9AeQ""",ru,ru,Russisch,snippet,de,,,2020-02-03 00:29:05.027596+00:00
youtube#i18nLanguageListResponse,"""Fznwjl6JEQdo1MGvHOGaz_YanRU/zuWa2crrywf-KD6jKMOl_0q9AeQ""",sr,sr,Serbisch,snippet,de,,,2020-02-03 00:29:05.027596+00:00
youtube#i18nLanguageListResponse,"""Fznwjl6JEQdo1MGvHOGaz_YanRU/zuWa2crrywf-KD6jKMOl_0q9AeQ""",uk,uk,Ukrainisch,snippet,de,,,2020-02-03 00:29:05.027596+00:00
youtube#i18nLanguageListResponse,"""Fznwjl6JEQdo1MGvHOGaz_YanRU/zuWa2crrywf-KD6jKMOl_0q9AeQ""",el,el,Griechisch,snippet,de,,,2020-02-03 00:29:05.027596+00:00
youtube#i18nLanguageListResponse,"""Fznwjl6JEQdo1MGvHOGaz_YanRU/zuWa2crrywf-KD6jKMOl_0q9AeQ""",hy,hy,Armenisch,snippet,de,,,2020-02-03 00:29:05.027596+00:00
youtube#i18nLanguageListResponse,"""Fznwjl6JEQdo1MGvHOGaz_YanRU/zuWa2crrywf-KD6jKMOl_0q9AeQ""",iw,iw,Hebräisch,snippet,de,,,2020-02-03 00:29:05.027596+00:00
youtube#i18nLanguageListResponse,"""Fznwjl6JEQdo1MGvHOGaz_YanRU/zuWa2crrywf-KD6jKMOl_0q9AeQ""",ur,ur,Urdu,snippet,de,,,2020-02-03 00:29:05.027596+00:00
youtube#i18nLanguageListResponse,"""Fznwjl6JEQdo1MGvHOGaz_YanRU/zuWa2crrywf-KD6jKMOl_0q9AeQ""",ar,ar,Arabisch,snippet,de,,,2020-02-03 00:29:05.027596+00:00
youtube#i18nLanguageListResponse,"""Fznwjl6JEQdo1MGvHOGaz_YanRU/zuWa2crrywf-KD6jKMOl_0q9AeQ""",fa,fa,Persisch,snippet,de,,,2020-02-03 00:29:05.027596+00:00
youtube#i18nLanguageListResponse,"""Fznwjl6JEQdo1MGvHOGaz_YanRU/zuWa2crrywf-KD6jKMOl_0q9AeQ""",ne,ne,Nepalesisch,snippet,de,,,2020-02-03 00:29:05.027596+00:00
youtube#i18nLanguageListResponse,"""Fznwjl6JEQdo1MGvHOGaz_YanRU/zuWa2crrywf-KD6jKMOl_0q9AeQ""",mr,mr,Marathi,snippet,de,,,2020-02-03 00:29:05.027596+00:00
youtube#i18nLanguageListResponse,"""Fznwjl6JEQdo1MGvHOGaz_YanRU/zuWa2crrywf-KD6jKMOl_0q9AeQ""",hi,hi,Hindi,snippet,de,,,2020-02-03 00:29:05.027596+00:00
youtube#i18nLanguageListResponse,"""Fznwjl6JEQdo1MGvHOGaz_YanRU/zuWa2crrywf-KD6jKMOl_0q9AeQ""",bn,bn,Bengalisch,snippet,de,,,2020-02-03 00:29:05.027596+00:00
youtube#i18nLanguageListResponse,"""Fznwjl6JEQdo1MGvHOGaz_YanRU/zuWa2crrywf-KD6jKMOl_0q9AeQ""",pa,pa,Punjabi,snippet,de,,,2020-02-03 00:29:05.027596+00:00
youtube#i18nLanguageListResponse,"""Fznwjl6JEQdo1MGvHOGaz_YanRU/zuWa2crrywf-KD6jKMOl_0q9AeQ""",gu,gu,Gujarati,snippet,de,,,2020-02-03 00:29:05.027596+00:00
youtube#i18nLanguageListResponse,"""Fznwjl6JEQdo1MGvHOGaz_YanRU/zuWa2crrywf-KD6jKMOl_0q9AeQ""",ta,ta,Tamil,snippet,de,,,2020-02-03 00:29:05.027596+00:00
youtube#i18nLanguageListResponse,"""Fznwjl6JEQdo1MGvHOGaz_YanRU/zuWa2crrywf-KD6jKMOl_0q9AeQ""",te,te,Telugu,snippet,de,,,2020-02-03 00:29:05.027596+00:00
youtube#i18nLanguageListResponse,"""Fznwjl6JEQdo1MGvHOGaz_YanRU/zuWa2crrywf-KD6jKMOl_0q9AeQ""",kn,kn,Kannada,snippet,de,,,2020-02-03 00:29:05.027596+00:00
youtube#i18nLanguageListResponse,"""Fznwjl6JEQdo1MGvHOGaz_YanRU/zuWa2crrywf-KD6jKMOl_0q9AeQ""",ml,ml,Malayalam,snippet,de,,,2020-02-03 00:29:05.027596+00:00
youtube#i18nLanguageListResponse,"""Fznwjl6JEQdo1MGvHOGaz_YanRU/zuWa2crrywf-KD6jKMOl_0q9AeQ""",si,si,Singhalesisch,snippet,de,,,2020-02-03 00:29:05.027596+00:00
youtube#i18nLanguageListResponse,"""Fznwjl6JEQdo1MGvHOGaz_YanRU/zuWa2crrywf-KD6jKMOl_0q9AeQ""",th,th,Thailändisch,snippet,de,,,2020-02-03 00:29:05.027596+00:00
youtube#i18nLanguageListResponse,"""Fznwjl6JEQdo1MGvHOGaz_YanRU/zuWa2crrywf-KD6jKMOl_0q9AeQ""",lo,lo,Laotisch,snippet,de,,,2020-02-03 00:29:05.027596+00:00
youtube#i18nLanguageListResponse,"""Fznwjl6JEQdo1MGvHOGaz_YanRU/zuWa2crrywf-KD6jKMOl_0q9AeQ""",my,my,Birmanisch,snippet,de,,,2020-02-03 00:29:05.027596+00:00
youtube#i18nLanguageListResponse,"""Fznwjl6JEQdo1MGvHOGaz_YanRU/zuWa2crrywf-KD6jKMOl_0q9AeQ""",ka,ka,Georgisch,snippet,de,,,2020-02-03 00:29:05.027596+00:00
youtube#i18nLanguageListResponse,"""Fznwjl6JEQdo1MGvHOGaz_YanRU/zuWa2crrywf-KD6jKMOl_0q9AeQ""",am,am,Amharisch,snippet,de,,,2020-02-03 00:29:05.027596+00:00
youtube#i18nLanguageListResponse,"""Fznwjl6JEQdo1MGvHOGaz_YanRU/zuWa2crrywf-KD6jKMOl_0q9AeQ""",km,km,Khmer,snippet,de,,,2020-02-03 00:29:05.027596+00:00
youtube#i18nLanguageListResponse,"""Fznwjl6JEQdo1MGvHOGaz_YanRU/zuWa2crrywf-KD6jKMOl_0q9AeQ""",zh-CN,zh-CN,Chinesisch,snippet,de,,,2020-02-03 00:29:05.027596+00:00
youtube#i18nLanguageListResponse,"""Fznwjl6JEQdo1MGvHOGaz_YanRU/zuWa2crrywf-KD6jKMOl_0q9AeQ""",zh-TW,zh-TW,Chinesisch (Taiwan),snippet,de,,,2020-02-03 00:29:05.027596+00:00
youtube#i18nLanguageListResponse,"""Fznwjl6JEQdo1MGvHOGaz_YanRU/zuWa2crrywf-KD6jKMOl_0q9AeQ""",zh-HK,zh-HK,Chinesisch (Hongkong),snippet,de,,,2020-02-03 00:29:05.027596+00:00
youtube#i18nLanguageListResponse,"""Fznwjl6JEQdo1MGvHOGaz_YanRU/zuWa2crrywf-KD6jKMOl_0q9AeQ""",ja,ja,Japanisch,snippet,de,,,2020-02-03 00:29:05.027596+00:00
youtube#i18nLanguageListResponse,"""Fznwjl6JEQdo1MGvHOGaz_YanRU/zuWa2crrywf-KD6jKMOl_0q9AeQ""",ko,ko,Koreanisch,snippet,de,,,2020-02-03 00:29:05.027596+00:00
