kind,etag,id,snippet.gl,snippet.name,param_part,param_hl,param_maxResults,param_pageToken,queryTime
youtube#i18nRegionListResponse,"""Fznwjl6JEQdo1MGvHOGaz_YanRU/0klQX4zqEkq5JlZrp9LrvcNW_4M""",DZ,DZ,Algeria,snippet,en,,,2020-02-03 00:31:46.180788+00:00
youtube#i18nRegionListResponse,"""Fznwjl6JEQdo1MGvHOGaz_YanRU/0klQX4zqEkq5JlZrp9LrvcNW_4M""",AR,AR,Argentina,snippet,en,,,2020-02-03 00:31:46.180788+00:00
youtube#i18nRegionListResponse,"""Fznwjl6JEQdo1MGvHOGaz_YanRU/0klQX4zqEkq5JlZrp9LrvcNW_4M""",AU,AU,Australia,snippet,en,,,2020-02-03 00:31:46.180788+00:00
youtube#i18nRegionListResponse,"""Fznwjl6JEQdo1MGvHOGaz_YanRU/0klQX4zqEkq5JlZrp9LrvcNW_4M""",AT,AT,Austria,snippet,en,,,2020-02-03 00:31:46.180788+00:00
youtube#i18nRegionListResponse,"""Fznwjl6JEQdo1MGvHOGaz_YanRU/0klQX4zqEkq5JlZrp9LrvcNW_4M""",AZ,AZ,Azerbaijan,snippet,en,,,2020-02-03 00:31:46.180788+00:00
youtube#i18nRegionListResponse,"""Fznwjl6JEQdo1MGvHOGaz_YanRU/0klQX4zqEkq5JlZrp9LrvcNW_4M""",BH,BH,Bahrain,snippet,en,,,2020-02-03 00:31:46.180788+00:00
youtube#i18nRegionListResponse,"""Fznwjl6JEQdo1MGvHOGaz_YanRU/0klQX4zqEkq5JlZrp9LrvcNW_4M""",BY,BY,Belarus,snippet,en,,,2020-02-03 00:31:46.180788+00:00
youtube#i18nRegionListResponse,"""Fznwjl6JEQdo1MGvHOGaz_YanRU/0klQX4zqEkq5JlZrp9LrvcNW_4M""",BE,BE,Belgium,snippet,en,,,2020-02-03 00:31:46.180788+00:00
youtube#i18nRegionListResponse,"""Fznwjl6JEQdo1MGvHOGaz_YanRU/0klQX4zqEkq5JlZrp9LrvcNW_4M""",BO,BO,Bolivia,snippet,en,,,2020-02-03 00:31:46.180788+00:00
youtube#i18nRegionListResponse,"""Fznwjl6JEQdo1MGvHOGaz_YanRU/0klQX4zqEkq5JlZrp9LrvcNW_4M""",BA,BA,Bosnia and Herzegovina,snippet,en,,,2020-02-03 00:31:46.180788+00:00
youtube#i18nRegionListResponse,"""Fznwjl6JEQdo1MGvHOGaz_YanRU/0klQX4zqEkq5JlZrp9LrvcNW_4M""",BR,BR,Brazil,snippet,en,,,2020-02-03 00:31:46.180788+00:00
youtube#i18nRegionListResponse,"""Fznwjl6JEQdo1MGvHOGaz_YanRU/0klQX4zqEkq5JlZrp9LrvcNW_4M""",BG,BG,Bulgaria,snippet,en,,,2020-02-03 00:31:46.180788+00:00
youtube#i18nRegionListResponse,"""Fznwjl6JEQdo1MGvHOGaz_YanRU/0klQX4zqEkq5JlZrp9LrvcNW_4M""",CA,CA,Canada,snippet,en,,,2020-02-03 00:31:46.180788+00:00
youtube#i18nRegionListResponse,"""Fznwjl6JEQdo1MGvHOGaz_YanRU/0klQX4zqEkq5JlZrp9LrvcNW_4M""",CL,CL,Chile,snippet,en,,,2020-02-03 00:31:46.180788+00:00
youtube#i18nRegionListResponse,"""Fznwjl6JEQdo1MGvHOGaz_YanRU/0klQX4zqEkq5JlZrp9LrvcNW_4M""",CO,CO,Colombia,snippet,en,,,2020-02-03 00:31:46.180788+00:00
youtube#i18nRegionListResponse,"""Fznwjl6JEQdo1MGvHOGaz_YanRU/0klQX4zqEkq5JlZrp9LrvcNW_4M""",CR,CR,Costa Rica,snippet,en,,,2020-02-03 00:31:46.180788+00:00
youtube#i18nRegionListResponse,"""Fznwjl6JEQdo1MGvHOGaz_YanRU/0klQX4zqEkq5JlZrp9LrvcNW_4M""",HR,HR,Croatia,snippet,en,,,2020-02-03 00:31:46.180788+00:00
youtube#i18nRegionListResponse,"""Fznwjl6JEQdo1MGvHOGaz_YanRU/0klQX4zqEkq5JlZrp9LrvcNW_4M""",CY,CY,Cyprus,snippet,en,,,2020-02-03 00:31:46.180788+00:00
youtube#i18nRegionListResponse,"""Fznwjl6JEQdo1MGvHOGaz_YanRU/0klQX4zqEkq5JlZrp9LrvcNW_4M""",CZ,CZ,Czechia,snippet,en,,,2020-02-03 00:31:46.180788+00:00
youtube#i18nRegionListResponse,"""Fznwjl6JEQdo1MGvHOGaz_YanRU/0klQX4zqEkq5JlZrp9LrvcNW_4M""",DK,DK,Denmark,snippet,en,,,2020-02-03 00:31:46.180788+00:00
youtube#i18nRegionListResponse,"""Fznwjl6JEQdo1MGvHOGaz_YanRU/0klQX4zqEkq5JlZrp9LrvcNW_4M""",DO,DO,Dominican Republic,snippet,en,,,2020-02-03 00:31:46.180788+00:00
youtube#i18nRegionListResponse,"""Fznwjl6JEQdo1MGvHOGaz_YanRU/0klQX4zqEkq5JlZrp9LrvcNW_4M""",EC,EC,Ecuador,snippet,en,,,2020-02-03 00:31:46.180788+00:00
youtube#i18nRegionListResponse,"""Fznwjl6JEQdo1MGvHOGaz_YanRU/0klQX4zqEkq5JlZrp9LrvcNW_4M""",EG,EG,Egypt,snippet,en,,,2020-02-03 00:31:46.180788+00:00
youtube#i18nRegionListResponse,"""Fznwjl6JEQdo1MGvHOGaz_YanRU/0klQX4zqEkq5JlZrp9LrvcNW_4M""",SV,SV,El Salvador,snippet,en,,,2020-02-03 00:31:46.180788+00:00
youtube#i18nRegionListResponse,"""Fznwjl6JEQdo1MGvHOGaz_YanRU/0klQX4zqEkq5JlZrp9LrvcNW_4M""",EE,EE,Estonia,snippet,en,,,2020-02-03 00:31:46.180788+00:00
youtube#i18nRegionListResponse,"""Fznwjl6JEQdo1MGvHOGaz_YanRU/0klQX4zqEkq5JlZrp9LrvcNW_4M""",FI,FI,Finland,snippet,en,,,2020-02-03 00:31:46.180788+00:00
youtube#i18nRegionListResponse,"""Fznwjl6JEQdo1MGvHOGaz_YanRU/0klQX4zqEkq5JlZrp9LrvcNW_4M""",FR,FR,France,snippet,en,,,2020-02-03 00:31:46.180788+00:00
youtube#i18nRegionListResponse,"""Fznwjl6JEQdo1MGvHOGaz_YanRU/0klQX4zqEkq5JlZrp9LrvcNW_4M""",GE,GE,Georgia,snippet,en,,,2020-02-03 00:31:46.180788+00:00
youtube#i18nRegionListResponse,"""Fznwjl6JEQdo1MGvHOGaz_YanRU/0klQX4zqEkq5JlZrp9LrvcNW_4M""",DE,DE,Germany,snippet,en,,,2020-02-03 00:31:46.180788+00:00
youtube#i18nRegionListResponse,"""Fznwjl6JEQdo1MGvHOGaz_YanRU/0klQX4zqEkq5JlZrp9LrvcNW_4M""",GH,GH,Ghana,snippet,en,,,2020-02-03 00:31:46.180788+00:00
youtube#i18nRegionListResponse,"""Fznwjl6JEQdo1MGvHOGaz_YanRU/0klQX4zqEkq5JlZrp9LrvcNW_4M""",GR,GR,Greece,snippet,en,,,2020-02-03 00:31:46.180788+00:00
youtube#i18nRegionListResponse,"""Fznwjl6JEQdo1MGvHOGaz_YanRU/0klQX4zqEkq5JlZrp9LrvcNW_4M""",GT,GT,Guatemala,snippet,en,,,2020-02-03 00:31:46.180788+00:00
youtube#i18nRegionListResponse,"""Fznwjl6JEQdo1MGvHOGaz_YanRU/0klQX4zqEkq5JlZrp9LrvcNW_4M""",HN,HN,Honduras,snippet,en,,,2020-02-03 00:31:46.180788+00:00
youtube#i18nRegionListResponse,"""Fznwjl6JEQdo1MGvHOGaz_YanRU/0klQX4zqEkq5JlZrp9LrvcNW_4M""",HK,HK,Hong Kong,snippet,en,,,2020-02-03 00:31:46.180788+00:00
youtube#i18nRegionListResponse,"""Fznwjl6JEQdo1MGvHOGaz_YanRU/0klQX4zqEkq5JlZrp9LrvcNW_4M""",HU,HU,Hungary,snippet,en,,,2020-02-03 00:31:46.180788+00:00
youtube#i18nRegionListResponse,"""Fznwjl6JEQdo1MGvHOGaz_YanRU/0klQX4zqEkq5JlZrp9LrvcNW_4M""",IS,IS,Iceland,snippet,en,,,2020-02-03 00:31:46.180788+00:00
youtube#i18nRegionListResponse,"""Fznwjl6JEQdo1MGvHOGaz_YanRU/0klQX4zqEkq5JlZrp9LrvcNW_4M""",IN,IN,India,snippet,en,,,2020-02-03 00:31:46.180788+00:00
youtube#i18nRegionListResponse,"""Fznwjl6JEQdo1MGvHOGaz_YanRU/0klQX4zqEkq5JlZrp9LrvcNW_4M""",ID,ID,Indonesia,snippet,en,,,2020-02-03 00:31:46.180788+00:00
youtube#i18nRegionListResponse,"""Fznwjl6JEQdo1MGvHOGaz_YanRU/0klQX4zqEkq5JlZrp9LrvcNW_4M""",IQ,IQ,Iraq,snippet,en,,,2020-02-03 00:31:46.180788+00:00
youtube#i18nRegionListResponse,"""Fznwjl6JEQdo1MGvHOGaz_YanRU/0klQX4zqEkq5JlZrp9LrvcNW_4M""",IE,IE,Ireland,snippet,en,,,2020-02-03 00:31:46.180788+00:00
youtube#i18nRegionListResponse,"""Fznwjl6JEQdo1MGvHOGaz_YanRU/0klQX4zqEkq5JlZrp9LrvcNW_4M""",IL,IL,Israel,snippet,en,,,2020-02-03 00:31:46.180788+00:00
youtube#i18nRegionListResponse,"""Fznwjl6JEQdo1MGvHOGaz_YanRU/0klQX4zqEkq5JlZrp9LrvcNW_4M""",IT,IT,Italy,snippet,en,,,2020-02-03 00:31:46.180788+00:00
youtube#i18nRegionListResponse,"""Fznwjl6JEQdo1MGvHOGaz_YanRU/0klQX4zqEkq5JlZrp9LrvcNW_4M""",JM,JM,Jamaica,snippet,en,,,2020-02-03 00:31:46.180788+00:00
youtube#i18nRegionListResponse,"""Fznwjl6JEQdo1MGvHOGaz_YanRU/0klQX4zqEkq5JlZrp9LrvcNW_4M""",JP,JP,Japan,snippet,en,,,2020-02-03 00:31:46.180788+00:00
youtube#i18nRegionListResponse,"""Fznwjl6JEQdo1MGvHOGaz_YanRU/0klQX4zqEkq5JlZrp9LrvcNW_4M""",JO,JO,Jordan,snippet,en,,,2020-02-03 00:31:46.180788+00:00
youtube#i18nRegionListResponse,"""Fznwjl6JEQdo1MGvHOGaz_YanRU/0klQX4zqEkq5JlZrp9LrvcNW_4M""",KZ,KZ,Kazakhstan,snippet,en,,,2020-02-03 00:31:46.180788+00:00
youtube#i18nRegionListResponse,"""Fznwjl6JEQdo1MGvHOGaz_YanRU/0klQX4zqEkq5JlZrp9LrvcNW_4M""",KE,KE,Kenya,snippet,en,,,2020-02-03 00:31:46.180788+00:00
youtube#i18nRegionListResponse,"""Fznwjl6JEQdo1MGvHOGaz_YanRU/0klQX4zqEkq5JlZrp9LrvcNW_4M""",KW,KW,Kuwait,snippet,en,,,2020-02-03 00:31:46.180788+00:00
youtube#i18nRegionListResponse,"""Fznwjl6JEQdo1MGvHOGaz_YanRU/0klQX4zqEkq5JlZrp9LrvcNW_4M""",LV,LV,Latvia,snippet,en,,,2020-02-03 00:31:46.180788+00:00
youtube#i18nRegionListResponse,"""Fznwjl6JEQdo1MGvHOGaz_YanRU/0klQX4zqEkq5JlZrp9LrvcNW_4M""",LB,LB,Lebanon,snippet,en,,,2020-02-03 00:31:46.180788+00:00
youtube#i18nRegionListResponse,"""Fznwjl6JEQdo1MGvHOGaz_YanRU/0klQX4zqEkq5JlZrp9LrvcNW_4M""",LY,LY,Libya,snippet,en,,,2020-02-03 00:31:46.180788+00:00
youtube#i18nRegionListResponse,"""Fznwjl6JEQdo1MGvHOGaz_YanRU/0klQX4zqEkq5JlZrp9LrvcNW_4M""",LI,LI,Liechtenstein,snippet,en,,,2020-02-03 00:31:46.180788+00:00
youtube#i18nRegionListResponse,"""Fznwjl6JEQdo1MGvHOGaz_YanRU/0klQX4zqEkq5JlZrp9LrvcNW_4M""",LT,LT,Lithuania,snippet,en,,,2020-02-03 00:31:46.180788+00:00
youtube#i18nRegionListResponse,"""Fznwjl6JEQdo1MGvHOGaz_YanRU/0klQX4zqEkq5JlZrp9LrvcNW_4M""",LU,LU,Luxembourg,snippet,en,,,2020-02-03 00:31:46.180788+00:00
youtube#i18nRegionListResponse,"""Fznwjl6JEQdo1MGvHOGaz_YanRU/0klQX4zqEkq5JlZrp9LrvcNW_4M""",MY,MY,Malaysia,snippet,en,,,2020-02-03 00:31:46.180788+00:00
youtube#i18nRegionListResponse,"""Fznwjl6JEQdo1MGvHOGaz_YanRU/0klQX4zqEkq5JlZrp9LrvcNW_4M""",MT,MT,Malta,snippet,en,,,2020-02-03 00:31:46.180788+00:00
youtube#i18nRegionListResponse,"""Fznwjl6JEQdo1MGvHOGaz_YanRU/0klQX4zqEkq5JlZrp9LrvcNW_4M""",MX,MX,Mexico,snippet,en,,,2020-02-03 00:31:46.180788+00:00
youtube#i18nRegionListResponse,"""Fznwjl6JEQdo1MGvHOGaz_YanRU/0klQX4zqEkq5JlZrp9LrvcNW_4M""",ME,ME,Montenegro,snippet,en,,,2020-02-03 00:31:46.180788+00:00
youtube#i18nRegionListResponse,"""Fznwjl6JEQdo1MGvHOGaz_YanRU/0klQX4zqEkq5JlZrp9LrvcNW_4M""",MA,MA,Morocco,snippet,en,,,2020-02-03 00:31:46.180788+00:00
youtube#i18nRegionListResponse,"""Fznwjl6JEQdo1MGvHOGaz_YanRU/0klQX4zqEkq5JlZrp9LrvcNW_4M""",NP,NP,Nepal,snippet,en,,,2020-02-03 00:31:46.180788+00:00
youtube#i18nRegionListResponse,"""Fznwjl6JEQdo1MGvHOGaz_YanRU/0klQX4zqEkq5JlZrp9LrvcNW_4M""",NL,NL,Netherlands,snippet,en,,,2020-02-03 00:31:46.180788+00:00
youtube#i18nRegionListResponse,"""Fznwjl6JEQdo1MGvHOGaz_YanRU/0klQX4zqEkq5JlZrp9LrvcNW_4M""",NZ,NZ,New Zealand,snippet,en,,,2020-02-03 00:31:46.180788+00:00
youtube#i18nRegionListResponse,"""Fznwjl6JEQdo1MGvHOGaz_YanRU/0klQX4zqEkq5JlZrp9LrvcNW_4M""",NI,NI,Nicaragua,snippet,en,,,2020-02-03 00:31:46.180788+00:00
youtube#i18nRegionListResponse,"""Fznwjl6JEQdo1MGvHOGaz_YanRU/0klQX4zqEkq5JlZrp9LrvcNW_4M""",NG,NG,Nigeria,snippet,en,,,2020-02-03 00:31:46.180788+00:00
youtube#i18nRegionListResponse,"""Fznwjl6JEQdo1MGvHOGaz_YanRU/0klQX4zqEkq5JlZrp9LrvcNW_4M""",MK,MK,North Macedonia,snippet,en,,,2020-02-03 00:31:46.180788+00:00
youtube#i18nRegionListResponse,"""Fznwjl6JEQdo1MGvHOGaz_YanRU/0klQX4zqEkq5JlZrp9LrvcNW_4M""",NO,NO,Norway,snippet,en,,,2020-02-03 00:31:46.180788+00:00
youtube#i18nRegionListResponse,"""Fznwjl6JEQdo1MGvHOGaz_YanRU/0klQX4zqEkq5JlZrp9LrvcNW_4M""",OM,OM,Oman,snippet,en,,,2020-02-03 00:31:46.180788+00:00
youtube#i18nRegionListResponse,"""Fznwjl6JEQdo1MGvHOGaz_YanRU/0klQX4zqEkq5JlZrp9LrvcNW_4M""",PK,PK,Pakistan,snippet,en,,,2020-02-03 00:31:46.180788+00:00
youtube#i18nRegionListResponse,"""Fznwjl6JEQdo1MGvHOGaz_YanRU/0klQX4zqEkq5JlZrp9LrvcNW_4M""",PA,PA,Panama,snippet,en,,,2020-02-03 00:31:46.180788+00:00
youtube#i18nRegionListResponse,"""Fznwjl6JEQdo1MGvHOGaz_YanRU/0klQX4zqEkq5JlZrp9LrvcNW_4M""",PY,PY,Paraguay,snippet,en,,,2020-02-03 00:31:46.180788+00:00
youtube#i18nRegionListResponse,"""Fznwjl6JEQdo1MGvHOGaz_YanRU/0klQX4zqEkq5JlZrp9LrvcNW_4M""",PE,PE,Peru,snippet,en,,,2020-02-03 00:31:46.180788+00:00
youtube#i18nRegionListResponse,"""Fznwjl6JEQdo1MGvHOGaz_YanRU/0klQX4zqEkq5JlZrp9LrvcNW_4M""",PH,PH,Philippines,snippet,en,,,2020-02-03 00:31:46.180788+00:00
youtube#i18nRegionListResponse,"""Fznwjl6JEQdo1MGvHOGaz_YanRU/0klQX4zqEkq5JlZrp9LrvcNW_4M""",PL,PL,Poland,snippet,en,,,2020-02-03 00:31:46.180788+00:00
youtube#i18nRegionListResponse,"""Fznwjl6JEQdo1MGvHOGaz_YanRU/0klQX4zqEkq5JlZrp9LrvcNW_4M""",PT,PT,Portugal,snippet,en,,,2020-02-03 00:31:46.180788+00:00
youtube#i18nRegionListResponse,"""Fznwjl6JEQdo1MGvHOGaz_YanRU/0klQX4zqEkq5JlZrp9LrvcNW_4M""",PR,PR,Puerto Rico,snippet,en,,,2020-02-03 00:31:46.180788+00:00
youtube#i18nRegionListResponse,"""Fznwjl6JEQdo1MGvHOGaz_YanRU/0klQX4zqEkq5JlZrp9LrvcNW_4M""",QA,QA,Qatar,snippet,en,,,2020-02-03 00:31:46.180788+00:00
youtube#i18nRegionListResponse,"""Fznwjl6JEQdo1MGvHOGaz_YanRU/0klQX4zqEkq5JlZrp9LrvcNW_4M""",RO,RO,Romania,snippet,en,,,2020-02-03 00:31:46.180788+00:00
youtube#i18nRegionListResponse,"""Fznwjl6JEQdo1MGvHOGaz_YanRU/0klQX4zqEkq5JlZrp9LrvcNW_4M""",RU,RU,Russia,snippet,en,,,2020-02-03 00:31:46.180788+00:00
youtube#i18nRegionListResponse,"""Fznwjl6JEQdo1MGvHOGaz_YanRU/0klQX4zqEkq5JlZrp9LrvcNW_4M""",SA,SA,Saudi Arabia,snippet,en,,,2020-02-03 00:31:46.180788+00:00
youtube#i18nRegionListResponse,"""Fznwjl6JEQdo1MGvHOGaz_YanRU/0klQX4zqEkq5JlZrp9LrvcNW_4M""",SN,SN,Senegal,snippet,en,,,2020-02-03 00:31:46.180788+00:00
youtube#i18nRegionListResponse,"""Fznwjl6JEQdo1MGvHOGaz_YanRU/0klQX4zqEkq5JlZrp9LrvcNW_4M""",RS,RS,Serbia,snippet,en,,,2020-02-03 00:31:46.180788+00:00
youtube#i18nRegionListResponse,"""Fznwjl6JEQdo1MGvHOGaz_YanRU/0klQX4zqEkq5JlZrp9LrvcNW_4M""",SG,SG,Singapore,snippet,en,,,2020-02-03 00:31:46.180788+00:00
youtube#i18nRegionListResponse,"""Fznwjl6JEQdo1MGvHOGaz_YanRU/0klQX4zqEkq5JlZrp9LrvcNW_4M""",SK,SK,Slovakia,snippet,en,,,2020-02-03 00:31:46.180788+00:00
youtube#i18nRegionListResponse,"""Fznwjl6JEQdo1MGvHOGaz_YanRU/0klQX4zqEkq5JlZrp9LrvcNW_4M""",SI,SI,Slovenia,snippet,en,,,2020-02-03 00:31:46.180788+00:00
youtube#i18nRegionListResponse,"""Fznwjl6JEQdo1MGvHOGaz_YanRU/0klQX4zqEkq5JlZrp9LrvcNW_4M""",ZA,ZA,South Africa,snippet,en,,,2020-02-03 00:31:46.180788+00:00
youtube#i18nRegionListResponse,"""Fznwjl6JEQdo1MGvHOGaz_YanRU/0klQX4zqEkq5JlZrp9LrvcNW_4M""",KR,KR,South Korea,snippet,en,,,2020-02-03 00:31:46.180788+00:00
youtube#i18nRegionListResponse,"""Fznwjl6JEQdo1MGvHOGaz_YanRU/0klQX4zqEkq5JlZrp9LrvcNW_4M""",ES,ES,Spain,snippet,en,,,2020-02-03 00:31:46.180788+00:00
youtube#i18nRegionListResponse,"""Fznwjl6JEQdo1MGvHOGaz_YanRU/0klQX4zqEkq5JlZrp9LrvcNW_4M""",LK,LK,Sri Lanka,snippet,en,,,2020-02-03 00:31:46.180788+00:00
youtube#i18nRegionListResponse,"""Fznwjl6JEQdo1MGvHOGaz_YanRU/0klQX4zqEkq5JlZrp9LrvcNW_4M""",SE,SE,Sweden,snippet,en,,,2020-02-03 00:31:46.180788+00:00
youtube#i18nRegionListResponse,"""Fznwjl6JEQdo1MGvHOGaz_YanRU/0klQX4zqEkq5JlZrp9LrvcNW_4M""",CH,CH,Switzerland,snippet,en,,,2020-02-03 00:31:46.180788+00:00
youtube#i18nRegionListResponse,"""Fznwjl6JEQdo1MGvHOGaz_YanRU/0klQX4zqEkq5JlZrp9LrvcNW_4M""",TW,TW,Taiwan,snippet,en,,,2020-02-03 00:31:46.180788+00:00
youtube#i18nRegionListResponse,"""Fznwjl6JEQdo1MGvHOGaz_YanRU/0klQX4zqEkq5JlZrp9LrvcNW_4M""",TZ,TZ,Tanzania,snippet,en,,,2020-02-03 00:31:46.180788+00:00
youtube#i18nRegionListResponse,"""Fznwjl6JEQdo1MGvHOGaz_YanRU/0klQX4zqEkq5JlZrp9LrvcNW_4M""",TH,TH,Thailand,snippet,en,,,2020-02-03 00:31:46.180788+00:00
youtube#i18nRegionListResponse,"""Fznwjl6JEQdo1MGvHOGaz_YanRU/0klQX4zqEkq5JlZrp9LrvcNW_4M""",TN,TN,Tunisia,snippet,en,,,2020-02-03 00:31:46.180788+00:00
youtube#i18nRegionListResponse,"""Fznwjl6JEQdo1MGvHOGaz_YanRU/0klQX4zqEkq5JlZrp9LrvcNW_4M""",TR,TR,Turkey,snippet,en,,,2020-02-03 00:31:46.180788+00:00
youtube#i18nRegionListResponse,"""Fznwjl6JEQdo1MGvHOGaz_YanRU/0klQX4zqEkq5JlZrp9LrvcNW_4M""",UG,UG,Uganda,snippet,en,,,2020-02-03 00:31:46.180788+00:00
youtube#i18nRegionListResponse,"""Fznwjl6JEQdo1MGvHOGaz_YanRU/0klQX4zqEkq5JlZrp9LrvcNW_4M""",UA,UA,Ukraine,snippet,en,,,2020-02-03 00:31:46.180788+00:00
youtube#i18nRegionListResponse,"""Fznwjl6JEQdo1MGvHOGaz_YanRU/0klQX4zqEkq5JlZrp9LrvcNW_4M""",AE,AE,United Arab Emirates,snippet,en,,,2020-02-03 00:31:46.180788+00:00
youtube#i18nRegionListResponse,"""Fznwjl6JEQdo1MGvHOGaz_YanRU/0klQX4zqEkq5JlZrp9LrvcNW_4M""",GB,GB,United Kingdom,snippet,en,,,2020-02-03 00:31:46.180788+00:00
youtube#i18nRegionListResponse,"""Fznwjl6JEQdo1MGvHOGaz_YanRU/0klQX4zqEkq5JlZrp9LrvcNW_4M""",US,US,United States,snippet,en,,,2020-02-03 00:31:46.180788+00:00
youtube#i18nRegionListResponse,"""Fznwjl6JEQdo1MGvHOGaz_YanRU/0klQX4zqEkq5JlZrp9LrvcNW_4M""",UY,UY,Uruguay,snippet,en,,,2020-02-03 00:31:46.180788+00:00
youtube#i18nRegionListResponse,"""Fznwjl6JEQdo1MGvHOGaz_YanRU/0klQX4zqEkq5JlZrp9LrvcNW_4M""",VN,VN,Vietnam,snippet,en,,,2020-02-03 00:31:46.180788+00:00
youtube#i18nRegionListResponse,"""Fznwjl6JEQdo1MGvHOGaz_YanRU/0klQX4zqEkq5JlZrp9LrvcNW_4M""",YE,YE,Yemen,snippet,en,,,2020-02-03 00:31:46.180788+00:00
youtube#i18nRegionListResponse,"""Fznwjl6JEQdo1MGvHOGaz_YanRU/0klQX4zqEkq5JlZrp9LrvcNW_4M""",ZW,ZW,Zimbabwe,snippet,en,,,2020-02-03 00:31:46.180788+00:00
youtube#i18nRegionListResponse,"""Fznwjl6JEQdo1MGvHOGaz_YanRU/fhhiTknuh6Irshz54gVGtkDuc5w""",AZ,AZ,أذربيجان,snippet,ar,,,2020-02-03 00:31:46.457433+00:00
youtube#i18nRegionListResponse,"""Fznwjl6JEQdo1MGvHOGaz_YanRU/fhhiTknuh6Irshz54gVGtkDuc5w""",ES,ES,أسبانيا,snippet,ar,,,2020-02-03 00:31:46.457433+00:00
youtube#i18nRegionListResponse,"""Fznwjl6JEQdo1MGvHOGaz_YanRU/fhhiTknuh6Irshz54gVGtkDuc5w""",AU,AU,أستراليا,snippet,ar,,,2020-02-03 00:31:46.457433+00:00
youtube#i18nRegionListResponse,"""Fznwjl6JEQdo1MGvHOGaz_YanRU/fhhiTknuh6Irshz54gVGtkDuc5w""",EE,EE,إستونيا,snippet,ar,,,2020-02-03 00:31:46.457433+00:00
youtube#i18nRegionListResponse,"""Fznwjl6JEQdo1MGvHOGaz_YanRU/fhhiTknuh6Irshz54gVGtkDuc5w""",IL,IL,إسرائيل,snippet,ar,,,2020-02-03 00:31:46.457433+00:00
youtube#i18nRegionListResponse,"""Fznwjl6JEQdo1MGvHOGaz_YanRU/fhhiTknuh6Irshz54gVGtkDuc5w""",AR,AR,الأرجنتين,snippet,ar,,,2020-02-03 00:31:46.457433+00:00
youtube#i18nRegionListResponse,"""Fznwjl6JEQdo1MGvHOGaz_YanRU/fhhiTknuh6Irshz54gVGtkDuc5w""",JO,JO,الأردن,snippet,ar,,,2020-02-03 00:31:46.457433+00:00
youtube#i18nRegionListResponse,"""Fznwjl6JEQdo1MGvHOGaz_YanRU/fhhiTknuh6Irshz54gVGtkDuc5w""",EC,EC,الإكوادور,snippet,ar,,,2020-02-03 00:31:46.457433+00:00
youtube#i18nRegionListResponse,"""Fznwjl6JEQdo1MGvHOGaz_YanRU/fhhiTknuh6Irshz54gVGtkDuc5w""",AE,AE,الإمارات العربية المتحدة,snippet,ar,,,2020-02-03 00:31:46.457433+00:00
youtube#i18nRegionListResponse,"""Fznwjl6JEQdo1MGvHOGaz_YanRU/fhhiTknuh6Irshz54gVGtkDuc5w""",BH,BH,البحرين,snippet,ar,,,2020-02-03 00:31:46.457433+00:00
youtube#i18nRegionListResponse,"""Fznwjl6JEQdo1MGvHOGaz_YanRU/fhhiTknuh6Irshz54gVGtkDuc5w""",BR,BR,البرازيل,snippet,ar,,,2020-02-03 00:31:46.457433+00:00
youtube#i18nRegionListResponse,"""Fznwjl6JEQdo1MGvHOGaz_YanRU/fhhiTknuh6Irshz54gVGtkDuc5w""",PT,PT,البرتغال,snippet,ar,,,2020-02-03 00:31:46.457433+00:00
youtube#i18nRegionListResponse,"""Fznwjl6JEQdo1MGvHOGaz_YanRU/fhhiTknuh6Irshz54gVGtkDuc5w""",BA,BA,البوسنة والهرسك,snippet,ar,,,2020-02-03 00:31:46.457433+00:00
youtube#i18nRegionListResponse,"""Fznwjl6JEQdo1MGvHOGaz_YanRU/fhhiTknuh6Irshz54gVGtkDuc5w""",ME,ME,الجبل الأسود,snippet,ar,,,2020-02-03 00:31:46.457433+00:00
youtube#i18nRegionListResponse,"""Fznwjl6JEQdo1MGvHOGaz_YanRU/fhhiTknuh6Irshz54gVGtkDuc5w""",DZ,DZ,الجزائر,snippet,ar,,,2020-02-03 00:31:46.457433+00:00
youtube#i18nRegionListResponse,"""Fznwjl6JEQdo1MGvHOGaz_YanRU/fhhiTknuh6Irshz54gVGtkDuc5w""",DK,DK,الدنمارك,snippet,ar,,,2020-02-03 00:31:46.457433+00:00
youtube#i18nRegionListResponse,"""Fznwjl6JEQdo1MGvHOGaz_YanRU/fhhiTknuh6Irshz54gVGtkDuc5w""",SV,SV,السلفادور,snippet,ar,,,2020-02-03 00:31:46.457433+00:00
youtube#i18nRegionListResponse,"""Fznwjl6JEQdo1MGvHOGaz_YanRU/fhhiTknuh6Irshz54gVGtkDuc5w""",SN,SN,السنغال,snippet,ar,,,2020-02-03 00:31:46.457433+00:00
youtube#i18nRegionListResponse,"""Fznwjl6JEQdo1MGvHOGaz_YanRU/fhhiTknuh6Irshz54gVGtkDuc5w""",SE,SE,السويد,snippet,ar,,,2020-02-03 00:31:46.457433+00:00
youtube#i18nRegionListResponse,"""Fznwjl6JEQdo1MGvHOGaz_YanRU/fhhiTknuh6Irshz54gVGtkDuc5w""",IQ,IQ,العراق,snippet,ar,,,2020-02-03 00:31:46.457433+00:00
youtube#i18nRegionListResponse,"""Fznwjl6JEQdo1MGvHOGaz_YanRU/fhhiTknuh6Irshz54gVGtkDuc5w""",PH,PH,الفيليبين,snippet,ar,,,2020-02-03 00:31:46.457433+00:00
youtube#i18nRegionListResponse,"""Fznwjl6JEQdo1MGvHOGaz_YanRU/fhhiTknuh6Irshz54gVGtkDuc5w""",KW,KW,الكويت,snippet,ar,,,2020-02-03 00:31:46.457433+00:00
youtube#i18nRegionListResponse,"""Fznwjl6JEQdo1MGvHOGaz_YanRU/fhhiTknuh6Irshz54gVGtkDuc5w""",DE,DE,ألمانيا,snippet,ar,,,2020-02-03 00:31:46.457433+00:00
youtube#i18nRegionListResponse,"""Fznwjl6JEQdo1MGvHOGaz_YanRU/fhhiTknuh6Irshz54gVGtkDuc5w""",HU,HU,المجر,snippet,ar,,,2020-02-03 00:31:46.457433+00:00
youtube#i18nRegionListResponse,"""Fznwjl6JEQdo1MGvHOGaz_YanRU/fhhiTknuh6Irshz54gVGtkDuc5w""",MA,MA,المغرب,snippet,ar,,,2020-02-03 00:31:46.457433+00:00
youtube#i18nRegionListResponse,"""Fznwjl6JEQdo1MGvHOGaz_YanRU/fhhiTknuh6Irshz54gVGtkDuc5w""",MX,MX,المكسيك,snippet,ar,,,2020-02-03 00:31:46.457433+00:00
youtube#i18nRegionListResponse,"""Fznwjl6JEQdo1MGvHOGaz_YanRU/fhhiTknuh6Irshz54gVGtkDuc5w""",SA,SA,المملكة العربية السعودية,snippet,ar,,,2020-02-03 00:31:46.457433+00:00
youtube#i18nRegionListResponse,"""Fznwjl6JEQdo1MGvHOGaz_YanRU/fhhiTknuh6Irshz54gVGtkDuc5w""",GB,GB,المملكة المتحدة,snippet,ar,,,2020-02-03 00:31:46.457433+00:00
youtube#i18nRegionListResponse,"""Fznwjl6JEQdo1MGvHOGaz_YanRU/fhhiTknuh6Irshz54gVGtkDuc5w""",NO,NO,النرويج,snippet,ar,,,2020-02-03 00:31:46.457433+00:00
youtube#i18nRegionListResponse,"""Fznwjl6JEQdo1MGvHOGaz_YanRU/fhhiTknuh6Irshz54gVGtkDuc5w""",AT,AT,النمسا,snippet,ar,,,2020-02-03 00:31:46.457433+00:00
youtube#i18nRegionListResponse,"""Fznwjl6JEQdo1MGvHOGaz_YanRU/fhhiTknuh6Irshz54gVGtkDuc5w""",IN,IN,الهند,snippet,ar,,,2020-02-03 00:31:46.457433+00:00
youtube#i18nRegionListResponse,"""Fznwjl6JEQdo1MGvHOGaz_YanRU/fhhiTknuh6Irshz54gVGtkDuc5w""",US,US,الولايات المتحدة,snippet,ar,,,2020-02-03 00:31:46.457433+00:00
youtube#i18nRegionListResponse,"""Fznwjl6JEQdo1MGvHOGaz_YanRU/fhhiTknuh6Irshz54gVGtkDuc5w""",JP,JP,اليابان,snippet,ar,,,2020-02-03 00:31:46.457433+00:00
youtube#i18nRegionListResponse,"""Fznwjl6JEQdo1MGvHOGaz_YanRU/fhhiTknuh6Irshz54gVGtkDuc5w""",YE,YE,اليمن,snippet,ar,,,2020-02-03 00:31:46.457433+00:00
youtube#i18nRegionListResponse,"""Fznwjl6JEQdo1MGvHOGaz_YanRU/fhhiTknuh6Irshz54gVGtkDuc5w""",GR,GR,اليونان,snippet,ar,,,2020-02-03 00:31:46.457433+00:00
youtube#i18nRegionListResponse,"""Fznwjl6JEQdo1MGvHOGaz_YanRU/fhhiTknuh6Irshz54gVGtkDuc5w""",ID,ID,إندونيسيا,snippet,ar,,,2020-02-03 00:31:46.457433+00:00
youtube#i18nRegionListResponse,"""Fznwjl6JEQdo1MGvHOGaz_YanRU/fhhiTknuh6Irshz54gVGtkDuc5w""",UY,UY,أورغواي,snippet,ar,,,2020-02-03 00:31:46.457433+00:00
youtube#i18nRegionListResponse,"""Fznwjl6JEQdo1MGvHOGaz_YanRU/fhhiTknuh6Irshz54gVGtkDuc5w""",UG,UG,أوغندا,snippet,ar,,,2020-02-03 00:31:46.457433+00:00
youtube#i18nRegionListResponse,"""Fznwjl6JEQdo1MGvHOGaz_YanRU/fhhiTknuh6Irshz54gVGtkDuc5w""",UA,UA,أوكرانيا,snippet,ar,,,2020-02-03 00:31:46.457433+00:00
youtube#i18nRegionListResponse,"""Fznwjl6JEQdo1MGvHOGaz_YanRU/fhhiTknuh6Irshz54gVGtkDuc5w""",IE,IE,أيرلندا,snippet,ar,,,2020-02-03 00:31:46.457433+00:00
youtube#i18nRegionListResponse,"""Fznwjl6JEQdo1MGvHOGaz_YanRU/fhhiTknuh6Irshz54gVGtkDuc5w""",IS,IS,أيسلندا,snippet,ar,,,2020-02-03 00:31:46.457433+00:00
youtube#i18nRegionListResponse,"""Fznwjl6JEQdo1MGvHOGaz_YanRU/fhhiTknuh6Irshz54gVGtkDuc5w""",IT,IT,إيطاليا,snippet,ar,,,2020-02-03 00:31:46.457433+00:00
youtube#i18nRegionListResponse,"""Fznwjl6JEQdo1MGvHOGaz_YanRU/fhhiTknuh6Irshz54gVGtkDuc5w""",PY,PY,باراغواي,snippet,ar,,,2020-02-03 00:31:46.457433+00:00
youtube#i18nRegionListResponse,"""Fznwjl6JEQdo1MGvHOGaz_YanRU/fhhiTknuh6Irshz54gVGtkDuc5w""",PK,PK,باكستان,snippet,ar,,,2020-02-03 00:31:46.457433+00:00
youtube#i18nRegionListResponse,"""Fznwjl6JEQdo1MGvHOGaz_YanRU/fhhiTknuh6Irshz54gVGtkDuc5w""",BE,BE,بلجيكا,snippet,ar,,,2020-02-03 00:31:46.457433+00:00
youtube#i18nRegionListResponse,"""Fznwjl6JEQdo1MGvHOGaz_YanRU/fhhiTknuh6Irshz54gVGtkDuc5w""",BG,BG,بلغاريا,snippet,ar,,,2020-02-03 00:31:46.457433+00:00
youtube#i18nRegionListResponse,"""Fznwjl6JEQdo1MGvHOGaz_YanRU/fhhiTknuh6Irshz54gVGtkDuc5w""",PA,PA,بنما,snippet,ar,,,2020-02-03 00:31:46.457433+00:00
youtube#i18nRegionListResponse,"""Fznwjl6JEQdo1MGvHOGaz_YanRU/fhhiTknuh6Irshz54gVGtkDuc5w""",PR,PR,بورتوريكو,snippet,ar,,,2020-02-03 00:31:46.457433+00:00
youtube#i18nRegionListResponse,"""Fznwjl6JEQdo1MGvHOGaz_YanRU/fhhiTknuh6Irshz54gVGtkDuc5w""",PL,PL,بولندا,snippet,ar,,,2020-02-03 00:31:46.457433+00:00
youtube#i18nRegionListResponse,"""Fznwjl6JEQdo1MGvHOGaz_YanRU/fhhiTknuh6Irshz54gVGtkDuc5w""",BO,BO,بوليفيا,snippet,ar,,,2020-02-03 00:31:46.457433+00:00
youtube#i18nRegionListResponse,"""Fznwjl6JEQdo1MGvHOGaz_YanRU/fhhiTknuh6Irshz54gVGtkDuc5w""",PE,PE,بيرو,snippet,ar,,,2020-02-03 00:31:46.457433+00:00
youtube#i18nRegionListResponse,"""Fznwjl6JEQdo1MGvHOGaz_YanRU/fhhiTknuh6Irshz54gVGtkDuc5w""",BY,BY,بيلاروسيا,snippet,ar,,,2020-02-03 00:31:46.457433+00:00
youtube#i18nRegionListResponse,"""Fznwjl6JEQdo1MGvHOGaz_YanRU/fhhiTknuh6Irshz54gVGtkDuc5w""",TH,TH,تايلاند,snippet,ar,,,2020-02-03 00:31:46.457433+00:00
youtube#i18nRegionListResponse,"""Fznwjl6JEQdo1MGvHOGaz_YanRU/fhhiTknuh6Irshz54gVGtkDuc5w""",TW,TW,تايوان,snippet,ar,,,2020-02-03 00:31:46.457433+00:00
youtube#i18nRegionListResponse,"""Fznwjl6JEQdo1MGvHOGaz_YanRU/fhhiTknuh6Irshz54gVGtkDuc5w""",TR,TR,تركيا,snippet,ar,,,2020-02-03 00:31:46.457433+00:00
youtube#i18nRegionListResponse,"""Fznwjl6JEQdo1MGvHOGaz_YanRU/fhhiTknuh6Irshz54gVGtkDuc5w""",CZ,CZ,تشيكيا,snippet,ar,,,2020-02-03 00:31:46.457433+00:00
youtube#i18nRegionListResponse,"""Fznwjl6JEQdo1MGvHOGaz_YanRU/fhhiTknuh6Irshz54gVGtkDuc5w""",CL,CL,تشيلي,snippet,ar,,,2020-02-03 00:31:46.457433+00:00
youtube#i18nRegionListResponse,"""Fznwjl6JEQdo1MGvHOGaz_YanRU/fhhiTknuh6Irshz54gVGtkDuc5w""",TZ,TZ,تنزانيا,snippet,ar,,,2020-02-03 00:31:46.457433+00:00
youtube#i18nRegionListResponse,"""Fznwjl6JEQdo1MGvHOGaz_YanRU/fhhiTknuh6Irshz54gVGtkDuc5w""",TN,TN,تونس,snippet,ar,,,2020-02-03 00:31:46.457433+00:00
youtube#i18nRegionListResponse,"""Fznwjl6JEQdo1MGvHOGaz_YanRU/fhhiTknuh6Irshz54gVGtkDuc5w""",JM,JM,جامايكا,snippet,ar,,,2020-02-03 00:31:46.457433+00:00
youtube#i18nRegionListResponse,"""Fznwjl6JEQdo1MGvHOGaz_YanRU/fhhiTknuh6Irshz54gVGtkDuc5w""",DO,DO,جمهورية الدومينكان,snippet,ar,,,2020-02-03 00:31:46.457433+00:00
youtube#i18nRegionListResponse,"""Fznwjl6JEQdo1MGvHOGaz_YanRU/fhhiTknuh6Irshz54gVGtkDuc5w""",ZA,ZA,جنوب إفريقيا,snippet,ar,,,2020-02-03 00:31:46.457433+00:00
youtube#i18nRegionListResponse,"""Fznwjl6JEQdo1MGvHOGaz_YanRU/fhhiTknuh6Irshz54gVGtkDuc5w""",GE,GE,جورجيا,snippet,ar,,,2020-02-03 00:31:46.457433+00:00
youtube#i18nRegionListResponse,"""Fznwjl6JEQdo1MGvHOGaz_YanRU/fhhiTknuh6Irshz54gVGtkDuc5w""",RU,RU,روسيا,snippet,ar,,,2020-02-03 00:31:46.457433+00:00
youtube#i18nRegionListResponse,"""Fznwjl6JEQdo1MGvHOGaz_YanRU/fhhiTknuh6Irshz54gVGtkDuc5w""",RO,RO,رومانيا,snippet,ar,,,2020-02-03 00:31:46.457433+00:00
youtube#i18nRegionListResponse,"""Fznwjl6JEQdo1MGvHOGaz_YanRU/fhhiTknuh6Irshz54gVGtkDuc5w""",ZW,ZW,زيمبابوي,snippet,ar,,,2020-02-03 00:31:46.457433+00:00
youtube#i18nRegionListResponse,"""Fznwjl6JEQdo1MGvHOGaz_YanRU/fhhiTknuh6Irshz54gVGtkDuc5w""",LK,LK,سريلانكا,snippet,ar,,,2020-02-03 00:31:46.457433+00:00
youtube#i18nRegionListResponse,"""Fznwjl6JEQdo1MGvHOGaz_YanRU/fhhiTknuh6Irshz54gVGtkDuc5w""",SK,SK,سلوفاكيا,snippet,ar,,,2020-02-03 00:31:46.457433+00:00
youtube#i18nRegionListResponse,"""Fznwjl6JEQdo1MGvHOGaz_YanRU/fhhiTknuh6Irshz54gVGtkDuc5w""",SI,SI,سلوفينيا,snippet,ar,,,2020-02-03 00:31:46.457433+00:00
youtube#i18nRegionListResponse,"""Fznwjl6JEQdo1MGvHOGaz_YanRU/fhhiTknuh6Irshz54gVGtkDuc5w""",SG,SG,سنغافورة,snippet,ar,,,2020-02-03 00:31:46.457433+00:00
youtube#i18nRegionListResponse,"""Fznwjl6JEQdo1MGvHOGaz_YanRU/fhhiTknuh6Irshz54gVGtkDuc5w""",CH,CH,سويسرا,snippet,ar,,,2020-02-03 00:31:46.457433+00:00
youtube#i18nRegionListResponse,"""Fznwjl6JEQdo1MGvHOGaz_YanRU/fhhiTknuh6Irshz54gVGtkDuc5w""",MK,MK,شمال مقدونيا,snippet,ar,,,2020-02-03 00:31:46.457433+00:00
youtube#i18nRegionListResponse,"""Fznwjl6JEQdo1MGvHOGaz_YanRU/fhhiTknuh6Irshz54gVGtkDuc5w""",RS,RS,صربيا,snippet,ar,,,2020-02-03 00:31:46.457433+00:00
youtube#i18nRegionListResponse,"""Fznwjl6JEQdo1MGvHOGaz_YanRU/fhhiTknuh6Irshz54gVGtkDuc5w""",OM,OM,عُمان,snippet,ar,,,2020-02-03 00:31:46.457433+00:00
youtube#i18nRegionListResponse,"""Fznwjl6JEQdo1MGvHOGaz_YanRU/fhhiTknuh6Irshz54gVGtkDuc5w""",GH,GH,غانا,snippet,ar,,,2020-02-03 00:31:46.457433+00:00
youtube#i18nRegionListResponse,"""Fznwjl6JEQdo1MGvHOGaz_YanRU/fhhiTknuh6Irshz54gVGtkDuc5w""",GT,GT,غواتيمالا,snippet,ar,,,2020-02-03 00:31:46.457433+00:00
youtube#i18nRegionListResponse,"""Fznwjl6JEQdo1MGvHOGaz_YanRU/fhhiTknuh6Irshz54gVGtkDuc5w""",FR,FR,فرنسا,snippet,ar,,,2020-02-03 00:31:46.457433+00:00
youtube#i18nRegionListResponse,"""Fznwjl6JEQdo1MGvHOGaz_YanRU/fhhiTknuh6Irshz54gVGtkDuc5w""",FI,FI,فنلندا,snippet,ar,,,2020-02-03 00:31:46.457433+00:00
youtube#i18nRegionListResponse,"""Fznwjl6JEQdo1MGvHOGaz_YanRU/fhhiTknuh6Irshz54gVGtkDuc5w""",VN,VN,فيتنام,snippet,ar,,,2020-02-03 00:31:46.457433+00:00
youtube#i18nRegionListResponse,"""Fznwjl6JEQdo1MGvHOGaz_YanRU/fhhiTknuh6Irshz54gVGtkDuc5w""",CY,CY,قبرص,snippet,ar,,,2020-02-03 00:31:46.457433+00:00
youtube#i18nRegionListResponse,"""Fznwjl6JEQdo1MGvHOGaz_YanRU/fhhiTknuh6Irshz54gVGtkDuc5w""",QA,QA,قطر,snippet,ar,,,2020-02-03 00:31:46.457433+00:00
youtube#i18nRegionListResponse,"""Fznwjl6JEQdo1MGvHOGaz_YanRU/fhhiTknuh6Irshz54gVGtkDuc5w""",KZ,KZ,كازاخستان,snippet,ar,,,2020-02-03 00:31:46.457433+00:00
youtube#i18nRegionListResponse,"""Fznwjl6JEQdo1MGvHOGaz_YanRU/fhhiTknuh6Irshz54gVGtkDuc5w""",HR,HR,كرواتيا,snippet,ar,,,2020-02-03 00:31:46.457433+00:00
youtube#i18nRegionListResponse,"""Fznwjl6JEQdo1MGvHOGaz_YanRU/fhhiTknuh6Irshz54gVGtkDuc5w""",CA,CA,كندا,snippet,ar,,,2020-02-03 00:31:46.457433+00:00
youtube#i18nRegionListResponse,"""Fznwjl6JEQdo1MGvHOGaz_YanRU/fhhiTknuh6Irshz54gVGtkDuc5w""",KR,KR,كوريا الجنوبية,snippet,ar,,,2020-02-03 00:31:46.457433+00:00
youtube#i18nRegionListResponse,"""Fznwjl6JEQdo1MGvHOGaz_YanRU/fhhiTknuh6Irshz54gVGtkDuc5w""",CR,CR,كوستاريكا,snippet,ar,,,2020-02-03 00:31:46.457433+00:00
youtube#i18nRegionListResponse,"""Fznwjl6JEQdo1MGvHOGaz_YanRU/fhhiTknuh6Irshz54gVGtkDuc5w""",CO,CO,كولومبيا,snippet,ar,,,2020-02-03 00:31:46.457433+00:00
youtube#i18nRegionListResponse,"""Fznwjl6JEQdo1MGvHOGaz_YanRU/fhhiTknuh6Irshz54gVGtkDuc5w""",KE,KE,كينيا,snippet,ar,,,2020-02-03 00:31:46.457433+00:00
youtube#i18nRegionListResponse,"""Fznwjl6JEQdo1MGvHOGaz_YanRU/fhhiTknuh6Irshz54gVGtkDuc5w""",LV,LV,لاتفيا,snippet,ar,,,2020-02-03 00:31:46.457433+00:00
youtube#i18nRegionListResponse,"""Fznwjl6JEQdo1MGvHOGaz_YanRU/fhhiTknuh6Irshz54gVGtkDuc5w""",LB,LB,لبنان,snippet,ar,,,2020-02-03 00:31:46.457433+00:00
youtube#i18nRegionListResponse,"""Fznwjl6JEQdo1MGvHOGaz_YanRU/fhhiTknuh6Irshz54gVGtkDuc5w""",LU,LU,لوكسمبورغ,snippet,ar,,,2020-02-03 00:31:46.457433+00:00
youtube#i18nRegionListResponse,"""Fznwjl6JEQdo1MGvHOGaz_YanRU/fhhiTknuh6Irshz54gVGtkDuc5w""",LY,LY,ليبيا,snippet,ar,,,2020-02-03 00:31:46.457433+00:00
youtube#i18nRegionListResponse,"""Fznwjl6JEQdo1MGvHOGaz_YanRU/fhhiTknuh6Irshz54gVGtkDuc5w""",LT,LT,ليتوانيا,snippet,ar,,,2020-02-03 00:31:46.457433+00:00
youtube#i18nRegionListResponse,"""Fznwjl6JEQdo1MGvHOGaz_YanRU/fhhiTknuh6Irshz54gVGtkDuc5w""",LI,LI,ليشتنشتاين,snippet,ar,,,2020-02-03 00:31:46.457433+00:00
youtube#i18nRegionListResponse,"""Fznwjl6JEQdo1MGvHOGaz_YanRU/fhhiTknuh6Irshz54gVGtkDuc5w""",MT,MT,مالطة,snippet,ar,,,2020-02-03 00:31:46.457433+00:00
youtube#i18nRegionListResponse,"""Fznwjl6JEQdo1MGvHOGaz_YanRU/fhhiTknuh6Irshz54gVGtkDuc5w""",MY,MY,ماليزيا,snippet,ar,,,2020-02-03 00:31:46.457433+00:00
youtube#i18nRegionListResponse,"""Fznwjl6JEQdo1MGvHOGaz_YanRU/fhhiTknuh6Irshz54gVGtkDuc5w""",EG,EG,مصر,snippet,ar,,,2020-02-03 00:31:46.457433+00:00
youtube#i18nRegionListResponse,"""Fznwjl6JEQdo1MGvHOGaz_YanRU/fhhiTknuh6Irshz54gVGtkDuc5w""",NP,NP,نيبال,snippet,ar,,,2020-02-03 00:31:46.457433+00:00
youtube#i18nRegionListResponse,"""Fznwjl6JEQdo1MGvHOGaz_YanRU/fhhiTknuh6Irshz54gVGtkDuc5w""",NG,NG,نيجيريا,snippet,ar,,,2020-02-03 00:31:46.457433+00:00
youtube#i18nRegionListResponse,"""Fznwjl6JEQdo1MGvHOGaz_YanRU/fhhiTknuh6Irshz54gVGtkDuc5w""",NI,NI,نيكاراغوا,snippet,ar,,,2020-02-03 00:31:46.457433+00:00
youtube#i18nRegionListResponse,"""Fznwjl6JEQdo1MGvHOGaz_YanRU/fhhiTknuh6Irshz54gVGtkDuc5w""",NZ,NZ,نيوزيلندا,snippet,ar,,,2020-02-03 00:31:46.457433+00:00
youtube#i18nRegionListResponse,"""Fznwjl6JEQdo1MGvHOGaz_YanRU/fhhiTknuh6Irshz54gVGtkDuc5w""",HN,HN,هندوراس,snippet,ar,,,2020-02-03 00:31:46.457433+00:00
youtube#i18nRegionListResponse,"""Fznwjl6JEQdo1MGvHOGaz_YanRU/fhhiTknuh6Irshz54gVGtkDuc5w""",NL,NL,هولندا,snippet,ar,,,2020-02-03 00:31:46.457433+00:00
youtube#i18nRegionListResponse,"""Fznwjl6JEQdo1MGvHOGaz_YanRU/fhhiTknuh6Irshz54gVGtkDuc5w""",HK,HK,هونغ كونغ,snippet,ar,,,2020-02-03 00:31:46.457433+00:00
youtube#i18nRegionListResponse,"""Fznwjl6JEQdo1MGvHOGaz_YanRU/k_2LYjM80xzQB_iFYSrg1RJf2n8""",IS,IS,アイスランド,snippet,ja,,,2020-02-03 00:31:46.736004+00:00
youtube#i18nRegionListResponse,"""Fznwjl6JEQdo1MGvHOGaz_YanRU/k_2LYjM80xzQB_iFYSrg1RJf2n8""",IE,IE,アイルランド,snippet,ja,,,2020-02-03 00:31:46.736004+00:00
youtube#i18nRegionListResponse,"""Fznwjl6JEQdo1MGvHOGaz_YanRU/k_2LYjM80xzQB_iFYSrg1RJf2n8""",AZ,AZ,アゼルバイジャン,snippet,ja,,,2020-02-03 00:31:46.736004+00:00
youtube#i18nRegionListResponse,"""Fznwjl6JEQdo1MGvHOGaz_YanRU/k_2LYjM80xzQB_iFYSrg1RJf2n8""",US,US,アメリカ,snippet,ja,,,2020-02-03 00:31:46.736004+00:00
youtube#i18nRegionListResponse,"""Fznwjl6JEQdo1MGvHOGaz_YanRU/k_2LYjM80xzQB_iFYSrg1RJf2n8""",AE,AE,アラブ首長国連邦,snippet,ja,,,2020-02-03 00:31:46.736004+00:00
youtube#i18nRegionListResponse,"""Fznwjl6JEQdo1MGvHOGaz_YanRU/k_2LYjM80xzQB_iFYSrg1RJf2n8""",DZ,DZ,アルジェリア,snippet,ja,,,2020-02-03 00:31:46.736004+00:00
youtube#i18nRegionListResponse,"""Fznwjl6JEQdo1MGvHOGaz_YanRU/k_2LYjM80xzQB_iFYSrg1RJf2n8""",AR,AR,アルゼンチン,snippet,ja,,,2020-02-03 00:31:46.736004+00:00
youtube#i18nRegionListResponse,"""Fznwjl6JEQdo1MGvHOGaz_YanRU/k_2LYjM80xzQB_iFYSrg1RJf2n8""",YE,YE,イエメン,snippet,ja,,,2020-02-03 00:31:46.736004+00:00
youtube#i18nRegionListResponse,"""Fznwjl6JEQdo1MGvHOGaz_YanRU/k_2LYjM80xzQB_iFYSrg1RJf2n8""",GB,GB,イギリス,snippet,ja,,,2020-02-03 00:31:46.736004+00:00
youtube#i18nRegionListResponse,"""Fznwjl6JEQdo1MGvHOGaz_YanRU/k_2LYjM80xzQB_iFYSrg1RJf2n8""",IL,IL,イスラエル,snippet,ja,,,2020-02-03 00:31:46.736004+00:00
youtube#i18nRegionListResponse,"""Fznwjl6JEQdo1MGvHOGaz_YanRU/k_2LYjM80xzQB_iFYSrg1RJf2n8""",IT,IT,イタリア,snippet,ja,,,2020-02-03 00:31:46.736004+00:00
youtube#i18nRegionListResponse,"""Fznwjl6JEQdo1MGvHOGaz_YanRU/k_2LYjM80xzQB_iFYSrg1RJf2n8""",IQ,IQ,イラク,snippet,ja,,,2020-02-03 00:31:46.736004+00:00
youtube#i18nRegionListResponse,"""Fznwjl6JEQdo1MGvHOGaz_YanRU/k_2LYjM80xzQB_iFYSrg1RJf2n8""",IN,IN,インド,snippet,ja,,,2020-02-03 00:31:46.736004+00:00
youtube#i18nRegionListResponse,"""Fznwjl6JEQdo1MGvHOGaz_YanRU/k_2LYjM80xzQB_iFYSrg1RJf2n8""",ID,ID,インドネシア,snippet,ja,,,2020-02-03 00:31:46.736004+00:00
youtube#i18nRegionListResponse,"""Fznwjl6JEQdo1MGvHOGaz_YanRU/k_2LYjM80xzQB_iFYSrg1RJf2n8""",UG,UG,ウガンダ,snippet,ja,,,2020-02-03 00:31:46.736004+00:00
youtube#i18nRegionListResponse,"""Fznwjl6JEQdo1MGvHOGaz_YanRU/k_2LYjM80xzQB_iFYSrg1RJf2n8""",UA,UA,ウクライナ,snippet,ja,,,2020-02-03 00:31:46.736004+00:00
youtube#i18nRegionListResponse,"""Fznwjl6JEQdo1MGvHOGaz_YanRU/k_2LYjM80xzQB_iFYSrg1RJf2n8""",UY,UY,ウルグアイ共和国,snippet,ja,,,2020-02-03 00:31:46.736004+00:00
youtube#i18nRegionListResponse,"""Fznwjl6JEQdo1MGvHOGaz_YanRU/k_2LYjM80xzQB_iFYSrg1RJf2n8""",EC,EC,エクアドル共和国,snippet,ja,,,2020-02-03 00:31:46.736004+00:00
youtube#i18nRegionListResponse,"""Fznwjl6JEQdo1MGvHOGaz_YanRU/k_2LYjM80xzQB_iFYSrg1RJf2n8""",EG,EG,エジプト,snippet,ja,,,2020-02-03 00:31:46.736004+00:00
youtube#i18nRegionListResponse,"""Fznwjl6JEQdo1MGvHOGaz_YanRU/k_2LYjM80xzQB_iFYSrg1RJf2n8""",EE,EE,エストニア,snippet,ja,,,2020-02-03 00:31:46.736004+00:00
youtube#i18nRegionListResponse,"""Fznwjl6JEQdo1MGvHOGaz_YanRU/k_2LYjM80xzQB_iFYSrg1RJf2n8""",SV,SV,エルサルバドル共和国,snippet,ja,,,2020-02-03 00:31:46.736004+00:00
youtube#i18nRegionListResponse,"""Fznwjl6JEQdo1MGvHOGaz_YanRU/k_2LYjM80xzQB_iFYSrg1RJf2n8""",AU,AU,オーストラリア,snippet,ja,,,2020-02-03 00:31:46.736004+00:00
youtube#i18nRegionListResponse,"""Fznwjl6JEQdo1MGvHOGaz_YanRU/k_2LYjM80xzQB_iFYSrg1RJf2n8""",AT,AT,オーストリア,snippet,ja,,,2020-02-03 00:31:46.736004+00:00
youtube#i18nRegionListResponse,"""Fznwjl6JEQdo1MGvHOGaz_YanRU/k_2LYjM80xzQB_iFYSrg1RJf2n8""",OM,OM,オマーン,snippet,ja,,,2020-02-03 00:31:46.736004+00:00
youtube#i18nRegionListResponse,"""Fznwjl6JEQdo1MGvHOGaz_YanRU/k_2LYjM80xzQB_iFYSrg1RJf2n8""",NL,NL,オランダ,snippet,ja,,,2020-02-03 00:31:46.736004+00:00
youtube#i18nRegionListResponse,"""Fznwjl6JEQdo1MGvHOGaz_YanRU/k_2LYjM80xzQB_iFYSrg1RJf2n8""",GH,GH,ガーナ,snippet,ja,,,2020-02-03 00:31:46.736004+00:00
youtube#i18nRegionListResponse,"""Fznwjl6JEQdo1MGvHOGaz_YanRU/k_2LYjM80xzQB_iFYSrg1RJf2n8""",KZ,KZ,カザフスタン,snippet,ja,,,2020-02-03 00:31:46.736004+00:00
youtube#i18nRegionListResponse,"""Fznwjl6JEQdo1MGvHOGaz_YanRU/k_2LYjM80xzQB_iFYSrg1RJf2n8""",QA,QA,カタール,snippet,ja,,,2020-02-03 00:31:46.736004+00:00
youtube#i18nRegionListResponse,"""Fznwjl6JEQdo1MGvHOGaz_YanRU/k_2LYjM80xzQB_iFYSrg1RJf2n8""",CA,CA,カナダ,snippet,ja,,,2020-02-03 00:31:46.736004+00:00
youtube#i18nRegionListResponse,"""Fznwjl6JEQdo1MGvHOGaz_YanRU/k_2LYjM80xzQB_iFYSrg1RJf2n8""",CY,CY,キプロス共和国,snippet,ja,,,2020-02-03 00:31:46.736004+00:00
youtube#i18nRegionListResponse,"""Fznwjl6JEQdo1MGvHOGaz_YanRU/k_2LYjM80xzQB_iFYSrg1RJf2n8""",GR,GR,ギリシャ,snippet,ja,,,2020-02-03 00:31:46.736004+00:00
youtube#i18nRegionListResponse,"""Fznwjl6JEQdo1MGvHOGaz_YanRU/k_2LYjM80xzQB_iFYSrg1RJf2n8""",GT,GT,グァテマラ共和国,snippet,ja,,,2020-02-03 00:31:46.736004+00:00
youtube#i18nRegionListResponse,"""Fznwjl6JEQdo1MGvHOGaz_YanRU/k_2LYjM80xzQB_iFYSrg1RJf2n8""",KW,KW,クウェート,snippet,ja,,,2020-02-03 00:31:46.736004+00:00
youtube#i18nRegionListResponse,"""Fznwjl6JEQdo1MGvHOGaz_YanRU/k_2LYjM80xzQB_iFYSrg1RJf2n8""",HR,HR,クロアチア,snippet,ja,,,2020-02-03 00:31:46.736004+00:00
youtube#i18nRegionListResponse,"""Fznwjl6JEQdo1MGvHOGaz_YanRU/k_2LYjM80xzQB_iFYSrg1RJf2n8""",KE,KE,ケニア,snippet,ja,,,2020-02-03 00:31:46.736004+00:00
youtube#i18nRegionListResponse,"""Fznwjl6JEQdo1MGvHOGaz_YanRU/k_2LYjM80xzQB_iFYSrg1RJf2n8""",CR,CR,コスタリカ共和国,snippet,ja,,,2020-02-03 00:31:46.736004+00:00
youtube#i18nRegionListResponse,"""Fznwjl6JEQdo1MGvHOGaz_YanRU/k_2LYjM80xzQB_iFYSrg1RJf2n8""",CO,CO,コロンビア,snippet,ja,,,2020-02-03 00:31:46.736004+00:00
youtube#i18nRegionListResponse,"""Fznwjl6JEQdo1MGvHOGaz_YanRU/k_2LYjM80xzQB_iFYSrg1RJf2n8""",SA,SA,サウジアラビア,snippet,ja,,,2020-02-03 00:31:46.736004+00:00
youtube#i18nRegionListResponse,"""Fznwjl6JEQdo1MGvHOGaz_YanRU/k_2LYjM80xzQB_iFYSrg1RJf2n8""",JM,JM,ジャマイカ,snippet,ja,,,2020-02-03 00:31:46.736004+00:00
youtube#i18nRegionListResponse,"""Fznwjl6JEQdo1MGvHOGaz_YanRU/k_2LYjM80xzQB_iFYSrg1RJf2n8""",GE,GE,ジョージア,snippet,ja,,,2020-02-03 00:31:46.736004+00:00
youtube#i18nRegionListResponse,"""Fznwjl6JEQdo1MGvHOGaz_YanRU/k_2LYjM80xzQB_iFYSrg1RJf2n8""",SG,SG,シンガポール,snippet,ja,,,2020-02-03 00:31:46.736004+00:00
youtube#i18nRegionListResponse,"""Fznwjl6JEQdo1MGvHOGaz_YanRU/k_2LYjM80xzQB_iFYSrg1RJf2n8""",ZW,ZW,ジンバブエ,snippet,ja,,,2020-02-03 00:31:46.736004+00:00
youtube#i18nRegionListResponse,"""Fznwjl6JEQdo1MGvHOGaz_YanRU/k_2LYjM80xzQB_iFYSrg1RJf2n8""",CH,CH,スイス,snippet,ja,,,2020-02-03 00:31:46.736004+00:00
youtube#i18nRegionListResponse,"""Fznwjl6JEQdo1MGvHOGaz_YanRU/k_2LYjM80xzQB_iFYSrg1RJf2n8""",SE,SE,スウェーデン,snippet,ja,,,2020-02-03 00:31:46.736004+00:00
youtube#i18nRegionListResponse,"""Fznwjl6JEQdo1MGvHOGaz_YanRU/k_2LYjM80xzQB_iFYSrg1RJf2n8""",ES,ES,スペイン,snippet,ja,,,2020-02-03 00:31:46.736004+00:00
youtube#i18nRegionListResponse,"""Fznwjl6JEQdo1MGvHOGaz_YanRU/k_2LYjM80xzQB_iFYSrg1RJf2n8""",LK,LK,スリランカ,snippet,ja,,,2020-02-03 00:31:46.736004+00:00
youtube#i18nRegionListResponse,"""Fznwjl6JEQdo1MGvHOGaz_YanRU/k_2LYjM80xzQB_iFYSrg1RJf2n8""",SK,SK,スロバキア,snippet,ja,,,2020-02-03 00:31:46.736004+00:00
youtube#i18nRegionListResponse,"""Fznwjl6JEQdo1MGvHOGaz_YanRU/k_2LYjM80xzQB_iFYSrg1RJf2n8""",SI,SI,スロベニア,snippet,ja,,,2020-02-03 00:31:46.736004+00:00
youtube#i18nRegionListResponse,"""Fznwjl6JEQdo1MGvHOGaz_YanRU/k_2LYjM80xzQB_iFYSrg1RJf2n8""",SN,SN,セネガル,snippet,ja,,,2020-02-03 00:31:46.736004+00:00
youtube#i18nRegionListResponse,"""Fznwjl6JEQdo1MGvHOGaz_YanRU/k_2LYjM80xzQB_iFYSrg1RJf2n8""",RS,RS,セルビア,snippet,ja,,,2020-02-03 00:31:46.736004+00:00
youtube#i18nRegionListResponse,"""Fznwjl6JEQdo1MGvHOGaz_YanRU/k_2LYjM80xzQB_iFYSrg1RJf2n8""",TH,TH,タイ,snippet,ja,,,2020-02-03 00:31:46.736004+00:00
youtube#i18nRegionListResponse,"""Fznwjl6JEQdo1MGvHOGaz_YanRU/k_2LYjM80xzQB_iFYSrg1RJf2n8""",TZ,TZ,タンザニア,snippet,ja,,,2020-02-03 00:31:46.736004+00:00
youtube#i18nRegionListResponse,"""Fznwjl6JEQdo1MGvHOGaz_YanRU/k_2LYjM80xzQB_iFYSrg1RJf2n8""",CZ,CZ,チェコ,snippet,ja,,,2020-02-03 00:31:46.736004+00:00
youtube#i18nRegionListResponse,"""Fznwjl6JEQdo1MGvHOGaz_YanRU/k_2LYjM80xzQB_iFYSrg1RJf2n8""",TN,TN,チュニジア,snippet,ja,,,2020-02-03 00:31:46.736004+00:00
youtube#i18nRegionListResponse,"""Fznwjl6JEQdo1MGvHOGaz_YanRU/k_2LYjM80xzQB_iFYSrg1RJf2n8""",CL,CL,チリ,snippet,ja,,,2020-02-03 00:31:46.736004+00:00
youtube#i18nRegionListResponse,"""Fznwjl6JEQdo1MGvHOGaz_YanRU/k_2LYjM80xzQB_iFYSrg1RJf2n8""",DK,DK,デンマーク,snippet,ja,,,2020-02-03 00:31:46.736004+00:00
youtube#i18nRegionListResponse,"""Fznwjl6JEQdo1MGvHOGaz_YanRU/k_2LYjM80xzQB_iFYSrg1RJf2n8""",DE,DE,ドイツ,snippet,ja,,,2020-02-03 00:31:46.736004+00:00
youtube#i18nRegionListResponse,"""Fznwjl6JEQdo1MGvHOGaz_YanRU/k_2LYjM80xzQB_iFYSrg1RJf2n8""",DO,DO,ドミニカ共和国,snippet,ja,,,2020-02-03 00:31:46.736004+00:00
youtube#i18nRegionListResponse,"""Fznwjl6JEQdo1MGvHOGaz_YanRU/k_2LYjM80xzQB_iFYSrg1RJf2n8""",TR,TR,トルコ,snippet,ja,,,2020-02-03 00:31:46.736004+00:00
youtube#i18nRegionListResponse,"""Fznwjl6JEQdo1MGvHOGaz_YanRU/k_2LYjM80xzQB_iFYSrg1RJf2n8""",NG,NG,ナイジェリア,snippet,ja,,,2020-02-03 00:31:46.736004+00:00
youtube#i18nRegionListResponse,"""Fznwjl6JEQdo1MGvHOGaz_YanRU/k_2LYjM80xzQB_iFYSrg1RJf2n8""",NI,NI,ニカラグア共和国,snippet,ja,,,2020-02-03 00:31:46.736004+00:00
youtube#i18nRegionListResponse,"""Fznwjl6JEQdo1MGvHOGaz_YanRU/k_2LYjM80xzQB_iFYSrg1RJf2n8""",NZ,NZ,ニュージーランド,snippet,ja,,,2020-02-03 00:31:46.736004+00:00
youtube#i18nRegionListResponse,"""Fznwjl6JEQdo1MGvHOGaz_YanRU/k_2LYjM80xzQB_iFYSrg1RJf2n8""",NP,NP,ネパール,snippet,ja,,,2020-02-03 00:31:46.736004+00:00
youtube#i18nRegionListResponse,"""Fznwjl6JEQdo1MGvHOGaz_YanRU/k_2LYjM80xzQB_iFYSrg1RJf2n8""",NO,NO,ノルウェー,snippet,ja,,,2020-02-03 00:31:46.736004+00:00
youtube#i18nRegionListResponse,"""Fznwjl6JEQdo1MGvHOGaz_YanRU/k_2LYjM80xzQB_iFYSrg1RJf2n8""",BH,BH,バーレーン,snippet,ja,,,2020-02-03 00:31:46.736004+00:00
youtube#i18nRegionListResponse,"""Fznwjl6JEQdo1MGvHOGaz_YanRU/k_2LYjM80xzQB_iFYSrg1RJf2n8""",PK,PK,パキスタン,snippet,ja,,,2020-02-03 00:31:46.736004+00:00
youtube#i18nRegionListResponse,"""Fznwjl6JEQdo1MGvHOGaz_YanRU/k_2LYjM80xzQB_iFYSrg1RJf2n8""",PA,PA,パナマ共和国,snippet,ja,,,2020-02-03 00:31:46.736004+00:00
youtube#i18nRegionListResponse,"""Fznwjl6JEQdo1MGvHOGaz_YanRU/k_2LYjM80xzQB_iFYSrg1RJf2n8""",PY,PY,パラグアイ共和国,snippet,ja,,,2020-02-03 00:31:46.736004+00:00
youtube#i18nRegionListResponse,"""Fznwjl6JEQdo1MGvHOGaz_YanRU/k_2LYjM80xzQB_iFYSrg1RJf2n8""",HU,HU,ハンガリー,snippet,ja,,,2020-02-03 00:31:46.736004+00:00
youtube#i18nRegionListResponse,"""Fznwjl6JEQdo1MGvHOGaz_YanRU/k_2LYjM80xzQB_iFYSrg1RJf2n8""",PH,PH,フィリピン,snippet,ja,,,2020-02-03 00:31:46.736004+00:00
youtube#i18nRegionListResponse,"""Fznwjl6JEQdo1MGvHOGaz_YanRU/k_2LYjM80xzQB_iFYSrg1RJf2n8""",FI,FI,フィンランド,snippet,ja,,,2020-02-03 00:31:46.736004+00:00
youtube#i18nRegionListResponse,"""Fznwjl6JEQdo1MGvHOGaz_YanRU/k_2LYjM80xzQB_iFYSrg1RJf2n8""",PR,PR,プエルトリコ,snippet,ja,,,2020-02-03 00:31:46.736004+00:00
youtube#i18nRegionListResponse,"""Fznwjl6JEQdo1MGvHOGaz_YanRU/k_2LYjM80xzQB_iFYSrg1RJf2n8""",BR,BR,ブラジル,snippet,ja,,,2020-02-03 00:31:46.736004+00:00
youtube#i18nRegionListResponse,"""Fznwjl6JEQdo1MGvHOGaz_YanRU/k_2LYjM80xzQB_iFYSrg1RJf2n8""",FR,FR,フランス,snippet,ja,,,2020-02-03 00:31:46.736004+00:00
youtube#i18nRegionListResponse,"""Fznwjl6JEQdo1MGvHOGaz_YanRU/k_2LYjM80xzQB_iFYSrg1RJf2n8""",BG,BG,ブルガリア,snippet,ja,,,2020-02-03 00:31:46.736004+00:00
youtube#i18nRegionListResponse,"""Fznwjl6JEQdo1MGvHOGaz_YanRU/k_2LYjM80xzQB_iFYSrg1RJf2n8""",VN,VN,ベトナム,snippet,ja,,,2020-02-03 00:31:46.736004+00:00
youtube#i18nRegionListResponse,"""Fznwjl6JEQdo1MGvHOGaz_YanRU/k_2LYjM80xzQB_iFYSrg1RJf2n8""",BY,BY,ベラルーシ,snippet,ja,,,2020-02-03 00:31:46.736004+00:00
youtube#i18nRegionListResponse,"""Fznwjl6JEQdo1MGvHOGaz_YanRU/k_2LYjM80xzQB_iFYSrg1RJf2n8""",PE,PE,ペルー,snippet,ja,,,2020-02-03 00:31:46.736004+00:00
youtube#i18nRegionListResponse,"""Fznwjl6JEQdo1MGvHOGaz_YanRU/k_2LYjM80xzQB_iFYSrg1RJf2n8""",BE,BE,ベルギー,snippet,ja,,,2020-02-03 00:31:46.736004+00:00
youtube#i18nRegionListResponse,"""Fznwjl6JEQdo1MGvHOGaz_YanRU/k_2LYjM80xzQB_iFYSrg1RJf2n8""",PL,PL,ポーランド,snippet,ja,,,2020-02-03 00:31:46.736004+00:00
youtube#i18nRegionListResponse,"""Fznwjl6JEQdo1MGvHOGaz_YanRU/k_2LYjM80xzQB_iFYSrg1RJf2n8""",BA,BA,ボスニア ヘルツェゴビナ,snippet,ja,,,2020-02-03 00:31:46.736004+00:00
youtube#i18nRegionListResponse,"""Fznwjl6JEQdo1MGvHOGaz_YanRU/k_2LYjM80xzQB_iFYSrg1RJf2n8""",BO,BO,ボリビア共和国,snippet,ja,,,2020-02-03 00:31:46.736004+00:00
youtube#i18nRegionListResponse,"""Fznwjl6JEQdo1MGvHOGaz_YanRU/k_2LYjM80xzQB_iFYSrg1RJf2n8""",PT,PT,ポルトガル,snippet,ja,,,2020-02-03 00:31:46.736004+00:00
youtube#i18nRegionListResponse,"""Fznwjl6JEQdo1MGvHOGaz_YanRU/k_2LYjM80xzQB_iFYSrg1RJf2n8""",HN,HN,ホンジュラス共和国,snippet,ja,,,2020-02-03 00:31:46.736004+00:00
youtube#i18nRegionListResponse,"""Fznwjl6JEQdo1MGvHOGaz_YanRU/k_2LYjM80xzQB_iFYSrg1RJf2n8""",MT,MT,マルタ,snippet,ja,,,2020-02-03 00:31:46.736004+00:00
youtube#i18nRegionListResponse,"""Fznwjl6JEQdo1MGvHOGaz_YanRU/k_2LYjM80xzQB_iFYSrg1RJf2n8""",MY,MY,マレーシア,snippet,ja,,,2020-02-03 00:31:46.736004+00:00
youtube#i18nRegionListResponse,"""Fznwjl6JEQdo1MGvHOGaz_YanRU/k_2LYjM80xzQB_iFYSrg1RJf2n8""",MX,MX,メキシコ,snippet,ja,,,2020-02-03 00:31:46.736004+00:00
youtube#i18nRegionListResponse,"""Fznwjl6JEQdo1MGvHOGaz_YanRU/k_2LYjM80xzQB_iFYSrg1RJf2n8""",MA,MA,モロッコ,snippet,ja,,,2020-02-03 00:31:46.736004+00:00
youtube#i18nRegionListResponse,"""Fznwjl6JEQdo1MGvHOGaz_YanRU/k_2LYjM80xzQB_iFYSrg1RJf2n8""",ME,ME,モンテネグロ,snippet,ja,,,2020-02-03 00:31:46.736004+00:00
youtube#i18nRegionListResponse,"""Fznwjl6JEQdo1MGvHOGaz_YanRU/k_2LYjM80xzQB_iFYSrg1RJf2n8""",JO,JO,ヨルダン,snippet,ja,,,2020-02-03 00:31:46.736004+00:00
youtube#i18nRegionListResponse,"""Fznwjl6JEQdo1MGvHOGaz_YanRU/k_2LYjM80xzQB_iFYSrg1RJf2n8""",LV,LV,ラトビア,snippet,ja,,,2020-02-03 00:31:46.736004+00:00
youtube#i18nRegionListResponse,"""Fznwjl6JEQdo1MGvHOGaz_YanRU/k_2LYjM80xzQB_iFYSrg1RJf2n8""",LT,LT,リトアニア,snippet,ja,,,2020-02-03 00:31:46.736004+00:00
youtube#i18nRegionListResponse,"""Fznwjl6JEQdo1MGvHOGaz_YanRU/k_2LYjM80xzQB_iFYSrg1RJf2n8""",LY,LY,リビア,snippet,ja,,,2020-02-03 00:31:46.736004+00:00
youtube#i18nRegionListResponse,"""Fznwjl6JEQdo1MGvHOGaz_YanRU/k_2LYjM80xzQB_iFYSrg1RJf2n8""",LI,LI,リヒテンシュタイン公国,snippet,ja,,,2020-02-03 00:31:46.736004+00:00
youtube#i18nRegionListResponse,"""Fznwjl6JEQdo1MGvHOGaz_YanRU/k_2LYjM80xzQB_iFYSrg1RJf2n8""",RO,RO,ルーマニア,snippet,ja,,,2020-02-03 00:31:46.736004+00:00
youtube#i18nRegionListResponse,"""Fznwjl6JEQdo1MGvHOGaz_YanRU/k_2LYjM80xzQB_iFYSrg1RJf2n8""",LU,LU,ルクセンブルグ,snippet,ja,,,2020-02-03 00:31:46.736004+00:00
youtube#i18nRegionListResponse,"""Fznwjl6JEQdo1MGvHOGaz_YanRU/k_2LYjM80xzQB_iFYSrg1RJf2n8""",LB,LB,レバノン,snippet,ja,,,2020-02-03 00:31:46.736004+00:00
youtube#i18nRegionListResponse,"""Fznwjl6JEQdo1MGvHOGaz_YanRU/k_2LYjM80xzQB_iFYSrg1RJf2n8""",RU,RU,ロシア,snippet,ja,,,2020-02-03 00:31:46.736004+00:00
youtube#i18nRegionListResponse,"""Fznwjl6JEQdo1MGvHOGaz_YanRU/k_2LYjM80xzQB_iFYSrg1RJf2n8""",KR,KR,韓国,snippet,ja,,,2020-02-03 00:31:46.736004+00:00
youtube#i18nRegionListResponse,"""Fznwjl6JEQdo1MGvHOGaz_YanRU/k_2LYjM80xzQB_iFYSrg1RJf2n8""",HK,HK,香港,snippet,ja,,,2020-02-03 00:31:46.736004+00:00
youtube#i18nRegionListResponse,"""Fznwjl6JEQdo1MGvHOGaz_YanRU/k_2LYjM80xzQB_iFYSrg1RJf2n8""",TW,TW,台湾,snippet,ja,,,2020-02-03 00:31:46.736004+00:00
youtube#i18nRegionListResponse,"""Fznwjl6JEQdo1MGvHOGaz_YanRU/k_2LYjM80xzQB_iFYSrg1RJf2n8""",ZA,ZA,南アフリカ,snippet,ja,,,2020-02-03 00:31:46.736004+00:00
youtube#i18nRegionListResponse,"""Fznwjl6JEQdo1MGvHOGaz_YanRU/k_2LYjM80xzQB_iFYSrg1RJf2n8""",JP,JP,日本,snippet,ja,,,2020-02-03 00:31:46.736004+00:00
youtube#i18nRegionListResponse,"""Fznwjl6JEQdo1MGvHOGaz_YanRU/k_2LYjM80xzQB_iFYSrg1RJf2n8""",MK,MK,北マケドニア,snippet,ja,,,2020-02-03 00:31:46.736004+00:00
